gene,beta_0,delta_0
A1cf,60.82431798,0.00935495
Aadac,274.99296,0.006355197
Aak1,18.4492033,0.004444323
Aamdc,55.48777467,0.004136954
Aars,132.5247668,0.011455244
Abat,64.53043947,0.008222977
Abcb10,104.7925949,0.007470079
Abcb1a,357.5144345,0.008750715
Abcb7,94.43814393,0.010390951
Abcb8,153.3673301,0.013819958
Abcc2,98.79242623,0.002483245
Abcc3,96.8770481,0.004393946
Abcd1,566.1005192,0.036386015
Abcd3,109.6633665,0.00802828
Abce1,112.5129582,0.003432383
Abcf1,82.04689497,0.007832865
Abcf2,223.8072104,0.01246746
Abcf3,75.36706949,0.009003775
Abcg2,110.663999,0.011216059
Abcg5,64.62290642,0.016814776
Abcg8,48.12207911,0.020234604
Abhd12,64.33794773,0.007438105
Abhd14b,187.4390391,0.004017249
Abhd2,101.1345431,0.007744985
Abhd3,256.0719589,0.016929777
Abhd6,225.3943398,0.018223594
Abi1,25.66802139,0.010541084
Ablim1,8.775721413,0.007499704
Abr,92.2986733,0.009862467
Acaa1a,437.6767804,0.022970313
Acaa1b,98.07000614,0.007362423
Acaa2,437.6253096,0.007623716
Acad10,4.934106528,0.001340575
Acad8,376.827741,0.005322926
Acad9,1585.724997,0.00184432
Acadl,337.2586939,0.009046277
Acadm,762.4096281,0.016954701
Acads,646.0670668,0.009701387
Acadvl,821.9150488,0.02131444
Acat1,2835.551059,0.019700338
Acat2,56.10837768,0.017874996
Acbd3,54.85033524,0.006460338
Acbd5,135.8406062,0.020314757
Ace,24.44569249,0.020732762
Ace2,86.21335627,0.026263413
Acin1,63.98931215,0.007833356
Acly,1546.136659,0.131464572
Acnat1,379.2416229,0.006857798
Aco1,157.2473516,0.014908047
Aco2,708.0048809,0.012361193
Acot11,84.55643933,0.008794437
Acot12,95.08690835,0.013571938
Acot13,484.4392974,0.008390074
Acot4,422.0710681,0.0144178
Acot8,714.4026893,0.016015517
Acot9,33.64714474,0.013595062
Acox1,248.942162,0.017158009
Acox3,139.9096618,0.010900252
Acp1,1480.024447,0.845850602
Acp6,310.2901897,0.005127589
Acsf2,605.8841654,0.03195091
Acsl1,3227.731812,0.042476986
Acsl5,760.8026529,0.020424546
Acss1,422.5039599,0.008041916
Acss2,65.769449,0.013364825
Acta1,3407.382379,0.007098088
Actg1,95.27380843,0.054516341
Actl6a,331.5233122,0.010835289
Actn1,49.7172822,0.008182402
Actn4,160.3857808,0.006347807
Actr1a,94.89587421,0.022955201
Actr1b,52.63312795,0.006066585
Actr2,460.5265613,0.0067604
Actr3,126.4392669,0.008946633
Acy1,268.7346306,0.003322429
Acy3,124.630021,0.01345709
Ada,238.2131615,0.005296601
Adam10,62.5766691,0.009842507
Adck3,67.03305835,0.014290459
Adck5,30.13405067,0.002330012
Add1,74.3294566,0.005513828
Add3,269.3539216,0.002835517
Adh5,338.424589,0.004638499
Adk,171.0517298,0.005334216
Adpgk,421.8505012,0.010446624
Adrm1,162.9765303,0.014650483
Adsl,64.87746923,0.004130703
Adss,62.75755085,0.003361564
Afg3l2,184.8170342,0.011031617
Agfg1,98.16994835,0.016087288
Agk,63.40900871,0.010263397
Agmat,96.39546432,0.031062572
Ago2,94.80896689,0.013717831
Agpat1,994.9262405,0.015128188
Agpat2,60.58748605,0.021226895
Agpat3,18.31318381,0.284343964
Agpat9,283.7479154,0.021523826
Agps,59.63188757,0.01214853
Ahctf1,17.64666553,0.035228685
Ahcy,195.5938395,0.003953039
Ahcyl1,48.43168425,0.001013512
Ahcyl2,58.49882262,0.010990252
Ahsa1,35.10881711,0.007584806
Aifm1,1238.960499,0.007944186
Aifm3,97.076806,0.007005689
Aimp1,54.03896257,0.003766908
Aimp2,483.8268773,0.013315821
Ak2,201.8802201,0.006038104
Ak3,378.3364621,0.004968592
Akap1,159.0715825,0.009536225
Akap13,72.81115522,0.007894801
Akap7,95.60149431,0.007582841
Akap8,66.24884754,0.00846018
Akap9,87.130767,0.000964614
Akr1a1,98.49767184,0.002481955
Akr1b7,206.4680508,0.007635608
Akr1c13,58.83248675,0.003701683
Alad,164.3922842,0.006798529
Alb,1244345.984,0.000210629
Alcam,126.8998381,0.007277772
Aldh16a1,474.924001,0.008575458
Aldh18a1,690.0477616,0.008177729
Aldh1a1,32.99068339,0.002617704
Aldh1a7,97.91864061,0.008041953
Aldh1b1,1928.073772,0.006854965
Aldh1l1,455.1115808,0.00409848
Aldh3a2,442.4910097,0.010328065
Aldh3b1,98.40929416,0.00826726
Aldh5a1,868.2135508,0.010433705
Aldh6a1,298.5105111,0.007094515
Aldh9a1,539.5438953,0.005421716
Aldoa,67.48341749,0.002691845
Aldob,785.0288584,0.013079923
Alg2,57.04421139,0.016555202
Alyref,222.9994959,0.007174757
Amacr,256.5339642,0.011347626
Amdhd2,53.2617738,0.003772558
Amfr,28.89150811,0.031333721
Amot,50.53180974,0.028434428
Angel2,99.15146428,0.007462758
Ank3,30.30537378,0.003910109
Ankfy1,17.83784085,0.011580632
Ankrd17,81.56470192,0.027497075
Anks4b,323.0829743,0.015221542
Ano10,81.30816294,0.008042202
Ano6,30.88155346,0.004970001
Anp32a,211.2998228,0.012183775
Anp32b,182.2351262,0.005101401
Anp32e,113.8147529,0.010089595
Anpep,320.2112001,0.008616534
Anxa11,110.243901,0.007097477
Anxa13,1691.124897,0.002748286
Anxa2,516.000027,0.007001432
Anxa4,202.0767973,0.005895493
Anxa7,564.8830436,0.011422466
Aoc1,31.94667133,0.019912487
Ap1b1,171.2368288,0.007040748
Ap1g1,76.92052621,0.009198278
Ap1g2,111.5922659,0.007383128
Ap1m2,149.3899983,0.026217514
Ap1s1,41.6492232,0.004726666
Ap2a1,89.25874888,0.00798716
Ap2a2,83.96140535,0.010042679
Ap2b1,135.3719803,0.012405392
Ap2m1,73.51325621,0.007539485
Ap2s1,97.52817911,0.013793805
Ap3b1,46.53810847,0.007989124
Ap3d1,79.83233701,0.006638608
Ap3m1,56.00849047,0.008198113
Ap3s1,4.437511614,0.002837043
Apaf1,41.66501527,0.011491536
Apeh,164.680798,0.013158227
Apex1,131.9782989,0.006605105
Api5,66.00344265,0.008483652
Apmap,722.3847274,0.0103444
Apoa1,22.51349925,0.079674903
Apoa1bp,23.75405122,0.048546879
Apoa4,49.28382044,0.102943272
Apob,19.92819915,0.063057819
Apoc3,95.27049336,0.014766126
Apoe,116.8689448,0.037348015
Apoo,1025.624167,0.014086307
Apool,1087.305182,0.006288451
App,4.433615713,0.019795482
Aprt,38.72072216,0.006430892
Aqp1,240.1704399,0.013900024
Aqr,61.52559727,0.01094167
Araf,63.25946006,0.013055343
Arcn1,84.33333311,0.005706522
Arf1,185.8242995,0.004479087
Arf4,179.0874474,0.005987751
Arf5,46.17604288,0.005467853
Arf6,79.5052838,0.058580681
Arfgap1,47.31456696,0.009666443
Arfgap2,99.80764246,0.006943749
Arfgap3,119.7994174,0.014028589
Arfgef1,89.77694879,0.01218634
Arfip2,26.10584416,0.169670692
Arg2,454.6480316,0.010525271
Arglu1,69.01487846,0.017824358
Arhgap1,78.4111792,0.003970826
Arhgap17,47.47367953,0.01703219
Arhgap18,78.11553706,0.006932846
Arhgap26,96.84162518,0.007310812
Arhgdia,386.6536149,0.002493682
Arhgef16,77.4307188,0.01274446
Arhgef5,97.88420885,0.017327618
Arhgef7,57.97062736,0.009044068
Arid1a,83.30779586,0.01472809
Arih1,79.7030072,0.008944525
Arl1,39.64902785,0.011008552
Arl2,97.97604088,0.010951144
Arl6ip1,28.69475323,0.096412149
Arl6ip5,76.94060273,0.250915799
Arl8b,174.4761496,0.019666865
Armc1,76.68792285,0.010375319
Armc10,582.9084047,0.418552605
Arpc1b,139.0689661,0.011271957
Arpc2,60.59646811,0.005512819
Arpc3,194.045833,0.010990721
Arpc4,470.9467133,0.008776437
Arpc5,193.069101,0.007120092
Arpin,175.4224529,0.007053489
Arrb1,77.03947507,0.010935919
As3mt,120.4794465,0.003320364
Asah2,329.8260492,0.033587896
Asap2,177.4006915,0.02364504
Ascc2,13.65771949,0.14219721
Ascl3,98.19854328,0.008961494
Asl,99.23849604,0.00562651
Asna1,164.6598129,0.006542008
Aspa,47.00017003,0.007562008
Aspscr1,97.09301269,0.017978024
Atad1,135.1203189,0.022974759
Atf3,98.75058889,0.158919094
Atg2a,66.1484809,0.009852493
Atg3,68.11229917,0.016544092
Atg4b,13.24170122,0.030527935
Atic,1352.749229,0.004580676
Atl2,90.57386978,0.031832103
Atl3,97.70172993,0.016838017
Atox1,64.37747913,0.010707133
Atp13a1,214.6339047,0.005928146
Atp1a1,460.5809144,0.011255313
Atp1b1,879.3980079,0.005902366
Atp1b3,98.03001507,0.015210531
Atp2a2,583.4480713,0.008606728
Atp2b1,71.55217062,0.027681682
Atp2c1,30.05693266,0.205781629
Atp5a1,474.7133515,0.001645182
Atp5b,387.1894886,0.008159756
Atp5c1,398.0654884,0.010218604
Atp5d,733.9345626,0.012557425
Atp5e,169.6971374,0.019532478
Atp5f1,626.6137718,0.009803573
Atp5g3,10.56236272,0.10465016
Atp5h,418.997972,0.009336942
Atp5j,356.9991645,0.005313191
Atp5j2,150.9114429,0.015278215
Atp5l,83.91227554,0.005436022
Atp5o,191.8076982,0.006147964
Atp6v0a1,98.33380942,0.023449705
Atp6v0a2,8.184799862,0.011120472
Atp6v0d1,150.4825715,0.0053862
Atp6v1a,159.0953239,0.008073174
Atp6v1b2,227.0040412,0.006592665
Atp6v1c1,111.3801637,0.015920839
Atp6v1d,10.02737121,0.059389283
Atp6v1e1,371.8909186,0.005041636
Atp6v1f,62.01346522,0.01027627
Atp6v1g1,86.87092816,0.013671437
Atp6v1h,270.1300985,0.005387834
Atp7a,29.9835514,0.190090147
Atp8b1,38.46790047,0.010311719
Atpaf2,123.5819848,0.014845603
Atpif1,82.8665991,0.009633256
Atxn2l,71.3244962,0.015899113
Auh,106.1738753,0.010591628
Aup1,26.95186716,0.012920434
B2m,62.67279546,0.031156248
B4galnt1,187.9956149,0.018247972
B4galnt2,6754.775621,0.03244008
B4galt1,96.55479269,0.030944369
Babam1,96.79662008,0.017327278
Bag1,10.27360229,0.004770909
Bag3,98.24924325,0.01360531
Bag4,96.49650153,0.006572226
Bag6,97.05736161,0.007313858
Baiap2l1,281.2298388,0.01889877
Baiap2l2,97.3149802,0.015346118
Bak1,307.6845541,0.016300641
Banf1,112.5465689,0.005343264
Bax,122.9508187,0.00338856
Baz1b,13.49596045,0.018934094
Bcap31,416.6734222,0.00852217
Bcar1,97.19464718,0.008454845
Bcas2,98.17245461,0.016172233
Bche,81.81489131,0.013881064
Bckdha,96.19997001,0.011485329
Bcl2l1,39.77623592,0.020332979
Bcl2l13,115.1658272,0.002717029
Bcl2l15,97.7396438,0.005209399
Bclaf1,105.2519051,0.009584035
Bco2,124.663307,0.0220011
Bcs1l,99.83756777,0.007401575
Bdh1,612.5941953,0.016422936
Bet1l,97.02329477,0.010473103
Birc6,98.6522,0.014915434
Blmh,45.49510813,0.013278144
Blvra,299.76452,0.002548275
Blvrb,96.20088249,0.011960348
Bnip1,908.6327076,0.100252415
Bphl,162.4649877,0.008686651
Bpnt1,140.2504778,0.004935928
Brca2,95.60253542,0.005782034
Brcc3,60.34448778,0.04911326
Bri3bp,125.2306891,0.006217663
Brox,89.30256814,0.008554785
Bsdc1,18.10935764,0.011316769
Bsg,113.0499229,0.010565777
Btf3,21.60521654,0.006467102
Btnl1,207.647117,0.024187379
Btnl2,192.5781881,0.032898764
Bzw1,127.5231825,0.032050243
Bzw2,97.66279303,0.005063605
C1galt1,277.782125,0.116598484
C1qbp,440.9953752,0.01007532
C2cd2l,62.42331215,0.013687194
Cab39,27.47754034,0.025003805
Cacybp,50.69353391,0.004330405
Cad,811.6082831,0.158832761
Calml4,48.34237457,0.011069192
Calr,417.8624272,0.005058018
Calu,497.1305955,0.006258696
Camk1d,22.79770617,0.016244195
Camk2d,258.6505855,0.051497409
Camsap3,96.95731131,0.008893676
Cand1,65.59812574,0.007193659
Cant1,19.60676836,0.024316668
Canx,616.9711856,0.003400958
Cap1,2205.738987,0.005157421
Capg,205.0947128,0.00838825
Capn1,155.281117,0.005808952
Capn13,98.72015193,0.022305808
Capns1,27.19330408,0.004502714
Caprin1,125.6738773,0.013043542
Capza1,231.6866308,0.011890419
Capza2,356.5640342,0.014712219
Capzb,221.9672107,0.004486731
Carhsp1,68.88725087,0.010195075
Carkd,57.21031214,0.008934745
Cars2,86.15744713,0.006883369
Cask,583.4126135,0.095240331
Casp1,129.8400107,0.003826328
Casp3,1165.357337,0.006246108
Casp6,104.7897255,0.001710312
Casp7,44.91526697,0.021651043
Casp8,82.53364988,0.00484197
Cast,228.5752571,0.009055135
Casz1,11.78710998,0.018583619
Cat,272.6929524,0.01265721
Cbr1,138.2529766,0.002575513
Cbr4,235.8448194,0.01104248
Cbx1,297.1446989,0.009128181
Cbx3,111.4528369,0.008763566
Cbx4,96.67365471,0.170530352
Cbx5,60.68681804,0.019274237
Ccar1,32.92829572,0.007171786
Ccar2,86.31368263,0.008563403
Ccdc134,542.6806752,0.006327009
Ccdc47,142.2637901,0.004029866
Ccdc51,541.2413669,0.009356667
Ccdc6,38.96534307,0.008531822
Ccdc90b,96.08363638,0.623218451
Ccdc91,97.00644995,0.005923476
Ccdc93,95.47420188,0.011061269
Ccl25,92.09444314,0.009275957
Ccs,36.26681356,0.006808719
Cct2,89.89533626,0.002213118
Cct3,163.7884465,0.002704054
Cct4,271.8383025,0.005412932
Cct5,179.2631475,0.004519053
Cct7,232.2858344,0.007624424
Cct8,83.05042371,0.002726413
Ccz1,52.97185307,0.005465567
Cd2ap,58.5182947,0.012497633
Cd2bp2,17.24220459,0.131007614
Cd302,96.78630333,0.010528458
Cd36,97.23794192,0.008976874
Cd38,441.0301756,0.003372634
Cd47,180.1400686,0.043227201
Cd74,11.76076695,0.049941595
Cd82,233.507261,0.028440965
Cda,119.050134,0.007821752
Cdc27,97.17059431,0.03055431
Cdc37,71.5360619,0.007178803
Cdc42,514.0661072,0.018175509
Cdc42bpb,41.08087849,0.011889145
Cdc5l,140.2619308,0.023976902
Cdh1,68.84752158,0.005560904
Cdh17,176.0753075,0.007570658
Cdhr2,51.63083701,0.043276062
Cdhr5,32.10524464,0.019800565
Cdipt,146.4888977,0.008599854
Cdk1,120.1546841,0.084468384
Cdk11b,24.60211753,0.039488811
Cdk5rap3,81.09541076,0.010541134
Cdkl2,75.26609847,0.027881685
Cdkn2aip,39.31334239,0.005871524
Cds1,47.92658664,0.012562316
Cds2,211.6889571,0.010406216
Cdv3,38.45441513,0.012442099
Ceacam2,33192.9794,0.006670891
Ceacam20,43.02781647,0.044566871
Cela1,97.43601647,0.005739822
Celf1,9.095801992,0.055634765
Celsr1,97.52770857,0.069014278
Celsr2,94.64857803,0.006989015
Cenpv,369.5436978,0.007154096
Cep290,95.99618502,0.004083874
Cep70,98.75799878,0.193123763
Cep97,99.27051827,0.122635983
Cers2,96.8943895,0.015006621
Ces1d,99.49769456,0.010044946
Ces1e,207.4534579,0.013896589
Ces1f,165.4366453,0.003998471
Ces2a,126.4084332,0.013327249
Ces2c,18852.0292,0.010196459
Ces2e,269.296018,0.014779838
Cfdp1,99.1117732,0.061433482
Cfl1,319.6871744,0.003429861
Cfl2,97.07963211,0.006006855
Cgn,388.8463168,0.035058376
Cgref1,52.99727147,0.020399142
Chchd1,95.58189776,0.018873769
Chchd3,861.6676424,0.009274291
Chchd4,282.4438498,0.004679025
Chchd6,184.0701632,0.009266763
Chchd7,5.255361339,0.004620116
Chd2,260.2170857,0.008543175
Chd4,47.44872757,0.01305606
Chd7,96.54346533,0.007751249
Chdh,734.4800996,0.007458641
Cherp,22.54797768,0.010078909
Chid1,46.66403977,0.013257406
Chkb,13.39418819,0.009316585
Chmp1a,71.55723638,0.019202014
Chmp2a,95.44895205,0.015805554
Chmp2b,47.05005782,0.013781021
Chmp3,20.8637503,0.008255026
Chmp4b,96.42213025,0.008250676
Chmp4c,46.42264922,0.01134291
Chmp5,18.00365155,0.045660048
Chmp6,87.2151183,0.006638717
Chordc1,90.18149043,0.008834865
Chp1,367.2885402,0.006745036
Chp2,432.0163658,0.016612374
Chpt1,49.13005366,0.011385002
Chtop,18.94449937,0.037690124
Ciapin1,41.15916947,0.018010282
Cib1,96.25870444,0.006606887
Cir1,2204.495538,0.020952893
Cisd1,323.4651293,0.019278887
Cisd2,151.9044018,0.006749486
Cisd3,63.50994548,0.019845811
Ckap5,152.531145,0.003989735
Ckb,303.216596,0.007493793
Ckmt1,598.4413327,0.008687797
Clca4a,198.0994652,0.008960832
Clcc1,72.14705251,0.011959265
Clcn2,38.52133952,0.011167686
Cldn15,96.21595785,0.039218271
Cldn3,153.3901664,0.013206545
Cldn4,97.99266257,0.015136124
Cldn7,37.84578326,0.038036076
Clec2h,11.96984245,0.035443014
Clic1,370.3070029,0.011071957
Clic5,71.00695454,0.003743116
Clic6,24.77639452,0.013160934
Clint1,300.7213634,0.017386971
Clip1,96.31238998,0.006280885
Clip2,99.49081675,0.058911649
Clns1a,28.67918952,0.133161011
Clpb,127.9796318,0.010073698
Clpp,644.3720864,0.01322645
Clptm1,464.4069824,0.020589631
Clptm1l,16.66301894,0.004511651
Clpx,203.9598337,0.022700439
Clrn3,97.22454656,0.005758616
Clta,184.4081775,0.006575604
Cltb,147.0730857,0.006462439
Cltc,180.878816,0.013485237
Cluh,34.64433785,0.008077994
Clybl,978.3023758,0.010686165
Cmas,13.58599864,0.005879337
Cmbl,334.0144176,0.001642556
Cmc1,94.7369162,0.006143826
Cmpk1,37.20748197,0.005696291
Cmpk2,24.60453634,0.005809498
Cmtm6,125.5992806,0.015667774
Cndp2,374.9785855,0.002731192
Cnn3,52.60174921,0.022859679
Cnnm4,209.1002231,0.012373446
Cnot1,6.13125795,0.028126152
Cnp,9.553488985,0.016889809
Cnpy2,406.1182246,0.011636225
Cnpy3,190.7874982,0.007001292
Cnr1,203.1431091,0.007695583
Coa7,102.1136077,0.00537463
Coasy,63.01427888,0.014061351
Cobl,113.0968613,0.018796027
Col4a3bp,20.14910966,0.080819402
Colgalt1,95.39702196,0.006248477
Commd10,97.64551803,0.008312535
Comtd1,343.9444099,0.01511417
Copa,49.56115694,0.006521091
Copb1,131.6829974,0.004248642
Copb2,161.1633415,0.009881333
Cope,51.42045511,0.00560248
Copg1,511.7577961,0.009431467
Copg2,70.63060525,0.005342448
Cops3,61.00188936,0.010635589
Cops4,66.54129934,0.006096153
Cops5,46.66866053,0.003629222
Cops7a,96.75173122,0.011435274
Cops8,90.29915218,0.007276506
Copz1,184.8481653,0.005212152
Coq4,50.79115615,0.017483119
Coq5,167.1087006,0.011301658
Coq6,86.93570143,0.064601879
Coq9,480.1636608,0.011891195
Coro1b,198.7455644,0.012944859
Coro1c,297.6808461,0.009823548
Coro2a,118.1121256,0.01516035
Coro7,105.7198827,0.002327565
Cotl1,256.8544647,0.003496659
Cox11,74.46789575,0.010242628
Cox17,14.84214916,0.006599097
Cox20,78.41213837,0.009028785
Cox5a,221.7849457,0.003810203
Cox5b,102.6914876,0.004206645
Cox6b1,119.0092682,0.008027422
Cox6c,80.69433142,0.007862701
Cox7a2,4.890842163,0.085664858
Cox7a2l,98.23638507,0.026617941
Cox7c,35.80915233,0.019367282
Cpne3,82.4861849,0.008806031
Cpox,31.27686555,0.066525928
Cpped1,246.0247642,0.004485057
Cps1,1725.391855,0.008234029
Cpsf1,39.04673812,0.010171861
Cpsf3,95.16613825,0.016148166
Cpsf6,83.28967428,0.024167462
Cpt1a,178.9556134,0.007362753
Cpt2,364.9579172,0.014613727
Cr1l,145.665159,0.009080122
Crat,89.16485111,0.011668578
Creb1,112.0875884,0.012123244
Creb3l3,98.10475506,0.009275039
Crip1,15.78679655,0.012135905
Crk,23.71453702,0.005254369
Crkl,201.8091868,0.0109347
Crocc,4647.942461,0.003789794
Crot,125.1157548,0.014537065
Cryl1,247.0528881,0.009497861
Cs,1180.17682,0.018697798
Csde1,15.79624014,0.006294463
Cse1l,98.73445125,0.008174508
Csk,97.94015719,0.013482037
Csnk1a1,32.62868486,0.010395668
Csnk1d,39.1038043,0.041035321
Csnk2a1,38.15148487,0.013717446
Csnk2b,94.05886484,0.010508946
Cst3,8.889176162,0.095579563
Cstb,95.61504486,0.007858913
Cstf2,231.8768532,0.003788957
Cstf3,97.00907154,0.006764356
Ctbp1,37.57308047,0.009524983
Ctcf,70.11425328,0.013437959
Cth,343.2898982,0.00961095
Ctnna1,248.150952,0.005505927
Ctnnb1,165.9996274,0.014301294
Ctnnbl1,7.764190101,0.072012691
Ctnnd1,149.5040365,0.0097542
Ctsa,60.1292933,0.003412108
Ctsb,75.99871402,0.018279835
Ctsd,58.80729085,0.005879798
Ctsh,78.28197244,0.009110221
Ctss,98.95001406,0.011339337
Ctsz,230.0076982,0.010776692
Cttn,200.0014778,0.008840477
Cubn,95.26670836,0.016318707
Cul1,48.64261479,0.009170186
Cul3,97.79521412,0.007978234
Cwc15,90.30359189,0.034017762
Cxadr,146.6756608,0.018180772
Cyb5a,1280.468462,0.005706401
Cyb5b,242.4141646,0.006130846
Cyb5r1,97.80128921,0.045597583
Cyb5r3,844.8053911,0.014204786
Cyc1,151.8604135,0.006976999
Cycs,39.0332921,0.013495792
Cyfip1,47.86676419,0.005288829
Cyp27a1,98.4835196,0.020134848
Cyp2b10,225.8407508,0.011359102
Cyp2c40,305.6125815,0.004157303
Cyp2c55,76.76628149,0.011336554
Cyp2d26,84.6612656,0.020737928
Cyp2s1,393.4684822,0.006473062
Cyp3a11,45.56623634,0.030186493
Cyp3a13,2274.499509,0.12408889
Cyp3a25,53.55837914,0.024452962
Cyp4b1,90.30065994,0.00708173
Cyp4f14,44.00761349,0.008714472
Cystm1,96.3028558,0.024378592
D10Jhu81e,915.9681509,0.007455394
Daam1,96.2233714,0.007620988
Dab1,77.54043638,0.005614481
Dad1,106.3808061,0.00634874
Dap3,250.758524,0.016230795
Dapk3,97.11960854,0.007209544
Dars,329.9806048,0.00760277
Dars2,184.0872911,0.00445604
Dazap1,58.4766787,0.022041361
Dbi,75.85275485,0.00655406
Dbnl,28.66820403,0.004668987
Dbt,574.1573381,0.003112259
Dcaf8,36.19770051,0.024535773
Dcps,792.8359397,0.005764001
Dctn1,79.80655668,0.003344518
Dctn2,128.9745399,0.005384074
Dctn4,94.53064881,0.004158572
Dctn5,182.3862324,0.00984791
Dcxr,286.8660884,0.003006101
Ddb1,24.79146091,0.019078349
Ddc,53.23668783,0.006302902
Ddhd2,96.97800492,0.000856272
Ddi2,36.96351849,0.008130303
Ddrgk1,85.87031516,0.016609864
Ddt,235.8605471,0.009125635
Ddx1,240.8669517,0.009506546
Ddx17,25.57353052,0.007792687
Ddx18,19.1290272,0.05994752
Ddx19a,745.0066719,0.081995661
Ddx21,113.6374632,0.011184557
Ddx39b,38.13888827,0.004596505
Ddx3x,43.44895373,0.019355922
Ddx42,15.55908479,0.021849085
Ddx46,152.2398935,0.002872624
Ddx5,43.03142792,0.01653007
Ddx58,126.9662224,0.014431023
Ddx6,43.25295459,0.012957465
Decr1,879.0376887,0.011945887
Decr2,191.780714,0.004700525
Defa-rs1,2307.97772,0.009635046
Defa17,22.37432011,0.009765159
Defa20,4360.234586,0.005358018
Defa23,407.63598,0.01045984
Defa24,113.7815325,0.012241571
Dek,56.46038829,0.019715064
Denr,46.28474092,0.015830571
Dera,61.80805314,0.009718639
Derl2,71.51757276,0.009410789
Dfna5,57.31607348,0.018642762
Dgat1,397.798149,0.018975806
Dgat2,98.46633095,0.011557765
Dgka,96.62803288,0.01058909
Dgkq,58.77062352,0.01679118
Dhcr24,55.33152291,0.017479395
Dhcr7,333.9253177,0.008733226
Dhfr,193.8690019,0.006886509
Dhodh,122.4247754,0.005325831
Dhrs1,624.8604781,0.023622447
Dhrs11,77.50621655,0.007284668
Dhrs4,233.5549407,0.003738461
Dhrs7b,643.321485,0.054218207
Dhx15,148.0935598,0.010167223
Dhx9,528.8608244,0.013973952
Diaph1,55.25603486,0.010061137
Dirc2,96.91062414,0.073729933
Dixdc1,97.42373222,0.013630333
Dkc1,284.4768967,0.004138829
Dlat,1057.195978,0.009902961
Dld,1743.863859,0.013055553
Dlg1,254.8011213,0.003355866
Dlg3,48.10930231,0.014063772
Dlst,696.8801438,0.011732574
Dmbt1,15.0562012,0.016422544
Dnaja1,60.31690802,0.013095387
Dnaja2,163.4861323,0.012668659
Dnaja3,273.2565082,0.013264718
Dnajb1,97.11880247,0.029603516
Dnajb11,352.9449856,0.006797993
Dnajb12,233.6236407,0.018474299
Dnajb6,16.06117389,0.006715375
Dnajc11,142.8903527,0.015468864
Dnajc19,97.71464937,0.013314934
Dnajc3,79.68095901,0.003266532
Dnajc7,36.8859885,0.008836388
Dnajc9,61.97108538,0.01523914
Dnase1,99.80729521,0.011426704
Dnm1,54.23594777,0.006478352
Dnm1l,42.3086207,0.01717513
Dnm2,212.8053703,0.07876656
Dnpep,207.6845912,0.008732077
Dnttip2,8.559319216,0.000585589
Dock1,45.85117642,0.016375269
Dock8,96.96077736,0.01031286
Dopey2,30.29075701,0.010129822
Dpm3,274.8130688,0.012835688
Dpp3,123.3646033,0.004641272
Dpp4,151.772483,0.011068048
Dpyd,41.57854579,0.00656296
Dqx1,31.02456686,0.011366068
Drg1,149.6769416,0.021367857
Dsc2,170.44916,0.1553003
Dsg2,135.6077668,0.044406644
Dsp,190.9622113,0.024559783
Dstn,114.0817016,0.007300541
Dtx3l,117.935237,0.009663834
Dync1h1,51.12492152,0.006613636
Dync1i2,135.3352908,0.007004743
Dync1li1,128.4458913,0.004158728
Dync1li2,79.8079279,0.017887583
Dynll1,63.80039796,0.015246385
Dynll2,135.0635435,0.007252789
Dynlrb1,21.39340437,0.012667586
Ebp,127.3393361,0.010135311
Ech1,264.8806321,0.015544608
Echdc1,85.22364105,0.006395049
Echs1,957.2259195,0.014679848
Eci1,1118.167972,0.006019962
Eci2,54.5276217,0.00962987
Eci3,119.937114,0.013584634
Ecsit,46.65833412,0.0160737
Edc4,96.86506775,0.02049652
Edf1,3.147048287,0.083568946
Eea1,65.19247536,0.007817333
Eef1a1,52.6998373,0.004436086
Eef1d,308.1688677,0.007618532
Eef1g,33.07202764,0.003694954
Eef2,0.036726419,0.003664229
Eefsec,112.2995506,0.008682486
Efhd2,773.6437643,0.009702503
Efnb1,62.96598627,0.015149565
Eftud1,73.05280236,0.006943089
Eftud2,39.95351408,0.005281208
Ehbp1l1,94.37877048,0.010966822
Ehd1,157.3789669,0.016382371
Ehd4,134.9318299,0.005503653
Ehhadh,903.6128493,0.013440042
Eif1,12.25970624,0.010925829
Eif1a,35.55258225,0.003985216
Eif2a,110.1218261,0.011013839
Eif2ak2,44.02880606,0.007652837
Eif2b4,10.78915306,0.14286717
Eif2b5,96.27916869,0.007967665
Eif2s1,105.3827427,0.002326621
Eif2s2,43.01103744,0.002956845
Eif2s3x,71.39434445,0.007049948
Eif2s3y,95.06944237,0.015468917
Eif3a,29.99758235,0.00372436
Eif3b,92.63485139,0.008182912
Eif3c,80.72087309,0.008349108
Eif3d,59.64718759,0.00616783
Eif3e,24.96968225,0.002923892
Eif3f,12.81074876,0.012139143
Eif3g,123.7854728,0.006734242
Eif3h,68.37697206,0.008865097
Eif3i,94.21193705,0.006441487
Eif3j1,222.0670624,0.045298993
Eif3k,21.17819809,0.005605772
Eif3l,41.41380353,0.004135038
Eif3m,52.06721493,0.022343245
Eif4a1,412.0450667,0.031303473
Eif4a2,27.76539813,0.013397974
Eif4b,89.1793323,0.008927107
Eif4e,29.96410416,0.016370387
Eif4g1,20.0062891,0.004836049
Eif4g2,5.94715532,0.009987742
Eif4h,76.75391638,0.017442355
Eif5,6.967676456,0.002723545
Eif5a,52.45655791,0.007071057
Eif5b,27.45850013,0.008730681
Eif6,289.3979198,0.035028152
Elac2,73.8102943,0.008229026
Elavl1,206.7227762,0.012896517
Elmo3,58.39273085,0.0161106
Elmod2,97.50294599,0.025725359
Elovl1,95.7488685,0.017470097
Emc1,405.1912588,0.024977361
Emc10,96.96055018,0.010046854
Emc2,255.9516831,0.01427772
Emc3,151.3026702,0.01321025
Emc4,56.19341024,0.007923472
Emd,65.69044179,0.012588868
Eml4,7.358757642,0.006420399
Endod1,466.5011076,0.00358109
Endog,48.78574497,0.006468451
Engase,43.29898569,0.011648641
Eno1,918.7992168,0.006118338
Enpep,188.9232727,0.006762353
Enpp3,1376.010092,0.274446195
Entpd5,328.1508931,0.015653734
Entpd7,96.2915501,0.018712643
Entpd8,100.006234,0.012821974
Epb41,45.94332575,0.00520741
Epb41l2,40.80178256,0.010210051
Epb41l3,333.0180248,0.00722463
Epb41l4b,49.41010334,0.010360801
Epcam,138.1322229,0.012273167
Ephx2,178.498859,0.010218962
Epn1,27.59805027,0.024437045
Eprs,163.7339451,0.004050751
Eps15,31.62463238,0.007350371
Eps15l1,97.9071838,0.014513733
Eps8,118.5416372,0.027831942
Eps8l2,110.9906136,0.017613197
Eps8l3,225.4246206,0.022922309
Ept1,342.6978223,0.006510956
Erap1,1458.511065,0.003796644
Erbb2,84.04993978,0.013162696
Erbb2ip,62.19332492,0.015942352
Erbb3,11.6639425,0.009306908
Ergic3,23.91348184,0.016901832
Erh,107.192069,0.004598144
Erlin1,176.3708316,0.009275357
Erlin2,781.257834,0.01235436
Ermp1,33.14585187,0.047165491
Ero1l,158.0720282,0.009451459
Ero1lb,84.45581552,0.008212285
Erp29,222.7250854,0.004346557
Erp44,747.70024,0.018031092
Esd,140.0315216,0.005379216
Espn,96.7246111,0.006805321
Esrp1,40.53337162,0.075168798
Esyt2,33.62233651,0.019109697
Etf1,23.95821598,0.005460536
Etfa,935.2533191,0.014033822
Etfb,1512.042564,0.011956521
Etfdh,1233.96728,0.01284104
Ewsr1,53.24504341,0.005254112
Exoc1,94.4348246,0.008184408
Exoc3l4,47.00038168,0.015171958
Exoc8,98.77377524,0.009654901
Exosc3,13.65890065,0.13758611
Exosc4,98.76532389,0.005292576
Exosc9,48.45717476,0.008023691
Ezr,463.4427174,0.010942458
F11r,126.1368395,0.014920137
Faah,179.5427473,0.011553219
Fabp1,38.27474525,0.002191636
Fabp2,105.6565399,0.001879036
Fabp6,743.2615452,0.006554997
Faf1,98.0970244,0.036567163
Faf2,277.8193662,0.016280776
Fahd1,84.69825933,0.00673474
Fam114a1,64.24193957,0.010637512
Fam114a2,11.56442786,0.006862424
Fam120b,94.10891851,0.012306329
Fam129b,94.44272381,0.00813149
Fam134c,20.45456078,0.007563969
Fam136a,156.5487136,0.009228259
Fam162a,13.90480955,0.052204602
Fam175b,97.75401602,0.017740972
Fam20b,64.44014294,0.023375541
Fam210b,201.6572755,0.009558432
Fam213a,161.1076961,0.024477276
Fam213b,21.70364428,0.009011259
Fam3a,181.031156,0.012667966
Fam3b,117.2897973,0.011750267
Fam3c,277.2738061,0.027640741
Fam49b,30.68861332,0.011103921
Fam63a,52.23108454,0.010210295
Fam73b,97.69081498,0.006768316
Fam83b,62.37668563,0.010929609
Fam83h,171.7607003,0.009005464
Fam96a,94.83153073,0.004446367
Fam98a,48.78944022,0.0125626
Fam98b,107.0177171,0.007629274
Farp1,103.1427399,0.010883728
Farp2,59.90998369,0.014454777
Farsa,204.5619593,0.003447559
Farsb,92.64788842,0.00437828
Fas,98.07985732,0.004870654
Fasn,50.95512581,0.004247056
Fau,24.73805235,0.022608456
Fbl,141.197602,0.008880744
Fblim1,59.63643061,0.006830988
Fbp1,114.6787632,0.005791522
Fbp2,150.136215,0.006569397
Fbxo9,97.33173602,0.068092742
Fdx1,200.6742554,0.005713075
Fdxacb1,304.3838598,0.010056662
Fdxr,166.0758184,0.00810511
Fech,51.64549839,0.016660169
Fen1,108.3639247,0.019721164
Fermt1,15.002941,0.039416462
Fgd4,95.61303653,0.00740341
Fhl1,197.2232515,0.009159267
Fignl1,95.52405136,0.209737623
Fip1l1,34.53166819,0.006983587
Fis1,229.6904609,0.005938519
Fkbp1a,120.5382634,0.003318736
Fkbp2,220.9472132,0.007387439
Fkbp3,44.63143353,0.010358598
Fkbp4,31.54587612,0.005995973
Fkbp5,171.1188176,0.009317159
Fkbp8,141.8816691,0.018939073
Flad1,44.3277947,0.011446948
Flii,150.9931502,0.022974864
Flna,5599.39923,0.150926981
Flnb,318.8029454,0.009073731
Fmn1,96.70996604,0.030896621
Fmo4,130.9997575,0.015277104
Fmo5,222.1453007,0.017980668
Fmr1,41.65072135,0.019557677
Fndc3a,9.010517739,0.05056918
Fnta,224.1787823,0.004923055
Fosl1,29.29362064,0.000306678
Frk,86.78862365,0.014137522
Fth1,97.08269166,0.007923083
Ftl1,87.98999519,0.009013672
Fubp1,27.33203896,0.007406817
Fuca1,12.38553059,0.0038191
Fus,131.2940776,0.008900898
Fut8,54.9057965,0.026330697
Fxr1,53.92426343,0.012495021
Fxr2,97.1317355,0.011377231
G3bp1,158.3997375,0.023519073
G3bp2,33.01965062,0.008330054
G6pdx,222.8838692,0.003558148
Gadd45gip1,119.4769592,0.006028769
Gak,41.50148327,0.021327883
Gal3st2,56.91509436,0.038171746
Gale,1787.738452,0.217412738
Galm,198.5472594,0.005428614
Galnt1,50.74240812,0.013918951
Galnt3,38684.12014,9.565518775
Galnt5,74.53704279,0.109163731
Galnt6,35.35000516,0.032389755
Galnt7,20.25495693,0.022365464
Ganab,454.326222,0.008893724
Gapdh,109.6407106,0.013018026
Gar1,96.63729968,0.047478061
Gart,101.3019711,0.003709487
Gata4,42.06736317,0.025763477
Gata6,96.54750575,0.018128593
Gatad2a,46.68703311,0.02078045
Gatad2b,50.52542743,0.009290597
Gatb,98.38335081,0.006428298
Gba,59.73743998,0.015724772
Gbas,76.43596317,0.009705402
Gcat,333.3460978,0.017404542
Gcc1,96.29490488,0.007796388
Gcc2,79.60679988,0.051210184
Gcdh,122.700604,0.002315753
Gclm,28.33898314,0.291542849
Gcn1l1,38.68708156,0.005128744
Gcsh,881.1235027,0.00705366
Gda,98.81821835,0.00581812
Gde1,94.884787,0.007791686
Gdi1,102.324136,0.014116632
Gdi2,86.15162124,0.009589353
Gdpd1,264.4658938,0.005729278
Gdpd2,28.42607439,0.02146516
Get4,37.92941905,0.02428532
Gfer,24.60245725,0.003472737
Gfm1,384.397041,0.012696764
Gfm2,144.0902119,0.0108198
Gfpt1,104.4162193,0.006401297
Gga1,97.19327977,0.005261609
Ggt1,40.30525872,0.021180291
Ghitm,113.2535358,0.015894829
Gigyf2,11.48594613,0.014749962
Gipc2,75.97814082,0.012833542
Gk,54.2056486,0.00450657
Glg1,250.7968195,0.009278577
Glipr2,148.6352281,0.00612045
Glo1,30.17109635,0.010498685
Glod4,159.26778,0.004198241
Glod5,108.256483,0.003305605
Glrx,117.7970618,0.006869315
Glrx3,571.1384038,0.006415431
Glrx5,54.51899153,0.028005645
Gls,154.79522,0.012927033
Gltp,99.14257387,0.004189907
Glud1,711.8026378,0.005845181
Glul,69.05123213,0.1156887
Glyr1,78.0647714,0.02132352
Gmds,53.67312049,0.004213388
Gmfb,179.3929413,0.013519818
Gmppa,93.80327049,0.008317928
Gmppb,92.02499901,0.006237465
Gmps,46.44937805,0.013267901
Gna11,117.2492477,0.005281259
Gna13,104.9914667,0.454756219
Gnai2,47.86372756,0.001122307
Gnai3,230.0813597,0.019714634
Gnaq,98.20428673,0.010817353
Gnas,26.38557769,0.053372886
Gnb1,124.5305425,0.011986951
Gnb2l1,17.74555703,0.005634448
Gng12,85.28865551,0.007307021
Gnl3,34.47072586,0.13254563
Gnpda1,234.7209819,0.005043946
Gns,38.14180301,0.043335946
Golga1,28.2849492,0.012497417
Golga2,100.9694586,0.010556885
Golga4,7.631451581,0.0114816
Golga5,162.4338634,0.014031817
Golim4,57.22690163,0.018482246
Golph3,30.67231293,0.013837121
Golph3l,28.81634631,0.015919664
Gorasp2,180.8992777,0.008286705
Gosr1,137.2523642,0.018828728
Gosr2,96.52573342,0.020515906
Got1,254.4899647,0.006661953
Got2,1366.75907,0.015329168
Gpa33,829.0986555,0.02528045
Gpd1,294.9631417,0.004620661
Gpd1l,92.75935261,0.006055458
Gpd2,1452.452702,0.069666455
Gphn,36849.26824,0.000100827
Gpr39,97.55875122,0.007731325
Gprc5a,97.37419639,0.008315568
Gps1,40.26657142,0.008707522
Gpt,338.1579068,0.004686263
Gpx1,22.07405445,0.001902387
Gpx2,28.99906872,0.002740183
Gpx4,12.55489976,0.010899914
Gramd1b,95.63606466,0.014802788
Gramd1c,94.0679168,0.019220263
Gramd3,99.88115927,0.026545234
Grb2,96.72070476,0.007280892
Grhpr,134.334038,0.004971269
Grpel1,292.8702865,0.00802689
Grsf1,79.17628219,0.008899324
Grtp1,123.6067151,0.007896879
Gsk3a,96.66290837,0.012932268
Gsk3b,13.25443379,0.009979546
Gsn,329.5624298,0.0095431
Gspt1,32.68205978,0.007575627
Gsr,177.1836598,0.003018892
Gss,81.26603859,0.005369986
Gsta1,171.7793829,0.00476413
Gsta4,64.22000837,0.055949878
Gstk1,264.3900919,0.014522064
Gstm1,110.368937,0.001225339
Gstm2,697.9696225,0.003905693
Gstm3,157.6994706,0.003800717
Gsto1,141.6379416,0.005184146
Gstp1,64.49637611,0.008361107
Gstt2,73.46152202,0.010357457
Gtf2a1,98.93351881,0.011744514
Gtf2b,97.60780322,0.007042018
Gtf2f1,33.90910362,0.021833015
Gtpbp1,51.8235225,0.051102603
Gucy2c,34.6364699,0.027733193
Guk1,34.79433555,0.005112728
H1f0,156.3464451,0.001933102
H2-Aa,29.96608026,0.075287133
H2-Ab1,51.57340765,0.037066965
H2-D1,41.58468917,0.032738377
H2-DMa,96.467875,0.011998055
H2-Eb1,96.35432563,0.035564653
H2-K1,213.1328804,0.209054679
H2-T23,98.60585943,0.01984333
H2-T3,53.2500032,0.015654173
H2afj,185.9962868,0.0089303
H2afv,261.1999171,0.005127857
H2afy,248.5753129,0.002941654
H3f3a,124.7272554,0.005400958
H6pd,94.80644765,0.007261005
Hacd2,96.77458351,0.020654391
Hacd3,46.72008256,0.009193841
Hadh,609.447374,0.01111907
Hadha,1201.12958,0.014662053
Hadhb,955.2859197,0.016832889
Hagh,129.1315552,0.197173676
Hars,105.2030489,0.003292868
Hars2,477.5190931,0.004206742
Hat1,35.52290977,0.081071421
Hbs1l,4.758770572,0.063095392
Hccs,71.8130165,0.020895564
Hdac1,140.5901577,0.009024297
Hdgf,38.43563147,0.039751136
Hdgfrp2,99.35063634,0.008698536
Hdhd3,416.3643339,0.013159667
Hdlbp,34.48407801,0.010980599
Heatr5a,98.57613985,0.009477349
Heatr5b,86.6390888,0.007732987
Hectd3,104.9732988,0.009799212
Heph,65.84292781,0.009109102
Herc4,18.43735071,0.125373411
Hexa,96.43582857,0.004123579
Hexb,181.536449,0.006974156
Hexim1,14.13632817,0.049070997
Hgs,25.02587979,0.031332374
Hibadh,275.1862252,0.009274302
Hibch,259.8487283,0.006416564
Hif1an,97.42668917,0.006027084
Higd1a,146.5068797,0.020573985
Hint1,107.1276935,0.004294835
Hint2,77.09628231,0.009286647
Hip1r,59.81022568,0.008710127
Hist1h1a,100.5155151,0.003886722
Hist1h1b,96.25503374,0.001758568
Hist1h1c,428.8944889,0.0056814
Hist1h1d,94.42062569,0.003900637
Hist1h1e,100.2573371,0.002187337
Hist1h2bc,141.3438029,0.002567316
Hist1h3b,96.22880198,0.010948595
Hk2,286.5830612,0.014590215
Hkdc1,1058.828353,0.017359693
Hmga1,97.61777297,0.01512113
Hmgb1,93.25292929,0.00731775
Hmgb2,97.70221916,0.007060752
Hmgb3,113.9025586,0.007607789
Hmgcl,601.9051366,0.017480577
Hmgcs1,61.65366513,0.067374543
Hmgn1,96.09322062,0.040425505
Hmgn5,54.00643693,0.016545803
Hmox2,305.676297,0.02624667
Hn1,18.50562042,0.030186499
Hn1l,82.97720225,0.01287613
Hnf4a,76.58435103,0.023919184
Hnf4g,30.51883267,0.016854117
Hnrnpa0,113.0253012,0.036412218
Hnrnpa1,275.4860978,0.00858087
Hnrnpa2b1,40867.39201,1.598076796
Hnrnpa3,300.2317672,0.010424212
Hnrnpab,45.53331543,0.00560761
Hnrnpc,529.2751881,0.015884896
Hnrnpd,1644.40979,0.012482973
Hnrnpdl,77.60794345,0.016818542
Hnrnpf,37.65089277,0.010237275
Hnrnph1,97.19495916,0.011693321
Hnrnph2,13.82354766,0.138645264
Hnrnpk,54.10780322,0.004754477
Hnrnpl,1464.329547,0.039878525
Hnrnpll,50.8107041,0.008388451
Hnrnpm,307.3683366,0.007875668
Hnrnpul1,52.99384399,0.025292137
Hnrnpul2,107.6082718,0.010424602
Hook1,12.00978439,0.006810589
Hook2,48.55056772,0.019888841
Hp1bp3,54.65281042,0.006843438
Hpgd,88.84657641,0.008385821
Hras,78.11931794,0.017583068
Hrsp12,96.76463353,0.008077774
Hscb,92.02081308,0.009639435
Hsd17b10,445.2105928,0.00366765
Hsd17b11,172.918674,0.025103441
Hsd17b12,440.0505055,0.010063028
Hsd17b2,86.4898584,0.009409771
Hsd17b4,563.8242295,0.01526592
Hsd17b6,81.83647792,0.010493285
Hsd3b3,98.50412924,0.009200427
Hsdl2,71.9433636,0.008318906
Hsp90aa1,148.3283677,0.007012501
Hsp90ab1,92.41041738,0.005143085
Hsp90b1,719.6288302,0.006510017
Hspa12a,99.58633217,0.013182367
Hspa13,34.8028645,0.018698335
Hspa1b,547.4800189,0.012536574
Hspa4,114.0735227,0.004612291
Hspa4l,31.77236248,0.005377362
Hspa5,408.7111974,0.004699722
Hspa8,133.212673,0.006403971
Hspa9,1355.592324,0.011101636
Hspd1,2937.505438,0.006964342
Hspe1,1623.574502,0.003547849
Hsph1,311.9193232,0.00661981
Htatip2,106.5512021,0.007737676
Htra2,95.87043895,0.00549138
Huwe1,98.7141257,0.008718374
Hyou1,218.9994738,0.002375632
Iah1,103.024499,0.006575593
Iars,116.3281044,0.005119983
Iars2,244.516769,0.008216568
Iba57,253.6473501,0.010326683
Ict1,106.9275718,0.013886317
Ide,63.80968539,0.007639746
Idh1,142.4564316,0.003229733
Idh2,581.6075329,0.002994467
Idh3a,878.5888988,0.007313168
Idh3g,369.6790939,0.010114998
Idi1,37.75469585,0.006606066
Ier3ip1,99.54831077,0.008919482
Ifi27l2b,101.2385997,0.014985625
Ifi30,24.86072441,0.011963515
Ifi35,112.2063831,0.018318433
Ifih1,34.36222137,0.010669066
Ifit1,284.5354487,0.026040818
Ifrd1,96.89501363,0.013930927
Igbp1,58.53570451,0.004783414
Igf2bp2,63.32608025,0.006591678
Igf2r,15.98069646,0.009001747
Ik,99.05235288,0.019114167
Ilf2,100.0039994,0.023735121
Ilf3,354.9887489,0.013448822
Ilk,106.044842,0.006752755
Ilvbl,143.4687053,0.018710529
Immt,1003.087726,0.015357173
Impa1,69.83683408,0.002693818
Impad1,37.85096635,0.055498316
Impdh2,52.28878623,0.040641145
Inadl,98.19798987,0.00319936
Inpp1,19.60963581,0.072829294
Insr,85.29736183,0.009847054
Ipo5,79.82622294,0.009237375
Ipo7,51.33590706,0.009581065
Iqgap1,106.806783,0.004963849
Iqgap2,88.67185889,0.006211126
Irak4,93.80549836,0.010955931
Irgm1,588.734223,0.008124025
Isca2,167.6232384,0.010716359
Iscu,62.25828593,0.009560214
Isoc1,415.3105283,0.023619319
Ist1,125.0949631,0.013820401
Isyna1,73.65535024,0.013119381
Itga2,101.2947588,0.004750576
Itga3,65.96637992,0.014865343
Itga6,108.6602784,0.024966368
Itgav,99.06122516,0.007871042
Itgb1,136.4016419,0.010518777
Itgb4,137.8011185,0.022282884
Itgb6,96.84846914,0.012925624
Itm2b,16.92814779,0.042277049
Itpa,145.2787615,0.004672227
Itpk1,112.2950278,0.015130022
Itpr3,37.59680633,0.003469264
Ivd,916.3764622,0.010405772
Jagn1,80.94369674,0.026583403
Jup,588.2828988,0.032940734
Kalrn,98.27048725,0.014306224
Kars,148.0310087,0.004892391
Kbtbd11,98.91608716,0.008448192
Kctd5,96.22342229,0.004237307
Kdm1a,41.2943205,0.01188918
Kdm5a,97.66762804,0.016372562
Kdsr,65.44309135,0.008995467
Keap1,67.65107977,0.011850096
Khdrbs1,88.43863302,0.015575904
Khk,45.85633844,0.008236614
Khsrp,72.73179445,0.00685206
Kif13a,210.2131308,0.003416953
Kif2a,51.37432736,0.008090649
Kif5b,33.13672976,0.003970288
Klc4,103.8532384,0.012581696
Kntc1,83.85904997,0.008306214
Kpna1,39.47691266,0.016122529
Kpna2,71.04562837,0.033889092
Kpna3,69.37939019,0.013626093
Kpna4,49.17385146,0.020783988
Kpnb1,240.3225677,0.00818842
Kras,159.4763029,0.018558033
Krt18,1048.408833,0.029443911
Krt19,745.8511944,0.005779183
Krt20,394.4372594,0.009461291
Krt8,624.8646075,0.005925666
Krtcap2,68.23162596,0.015374818
Ktn1,13.8114925,0.004607552
L2hgdh,42.56368379,0.007246534
Lace1,98.69928712,0.005871683
Lactb,58.27494926,0.009596234
Lactb2,95.51991999,0.014360082
Lad1,426.125315,0.008299022
Lama3,96.08823395,0.213190717
Lamp1,84.5279771,0.024368449
Lamp2,46.05349655,0.012090913
Lamtor1,95.02067965,0.020376623
Lamtor4,220.0335635,0.004196575
Lamtor5,96.64817169,0.004421382
Lancl2,84.22022564,0.009151586
Lap3,437.9441314,0.008120903
Larp1,19.63946732,0.054916101
Larp4,52.10646667,0.022670518
Larp4b,8.736998729,0.021776546
Larp7,28.82534409,0.018697986
Lars,63.4089072,0.004577554
Lars2,65.520794,0.018456878
Lasp1,159.5017147,0.00394214
Lbr,1078.820181,0.005866957
Lclat1,176.5444931,0.011429405
Lcp1,357.4359513,0.006422061
Ldb3,46.63034017,0.011332175
Ldha,387.2913097,0.009136308
Lemd2,106.3515669,0.008411358
Leng9,95.62442944,0.021869918
Letm1,389.899031,0.014368378
Lgals2,59.46061721,0.008207252
Lgals3,88.33169373,0.010399362
Lgals3bp,96.70116754,0.011404758
Lgals4,20.46655181,0.004086393
Lgals9,154.5483098,0.018348057
Lgalsl,99.37519577,0.004861491
Lima1,303.4876637,0.015833929
Lims1,95.7536368,0.01296891
Lin7c,73.38865524,0.011534478
Lipe,52.21526581,0.014078718
Llgl2,48.73940629,0.00991444
Lman1,167.2707718,0.007346347
Lman2,278.1397553,0.016419344
Lmbrd1,2.854090477,0.078763269
Lmbrd2,96.55529844,0.084205489
Lmna,141.6474567,0.003458483
Lmnb1,12504.4697,0.008223778
Lmnb2,27.42391436,0.009681657
Lmtk2,73.77850779,0.181155471
Lnp,98.05198883,0.009229497
Lonp1,1175.76766,0.010223321
Lonp2,77.15395155,0.021748956
Lpcat3,207.0812905,0.007189928
Lpgat1,34.13305363,0.016566106
Lpin3,41.38154275,0.018090528
Lpp,31.72450532,0.004076243
Lrba,37.44498154,0.004486833
Lrch4,112.4511494,0.008591132
Lrp1,13.20081484,0.021092912
Lrpap1,96.32809027,0.009463543
Lrpprc,2630.503751,0.009727415
Lrrc1,42.63361408,0.008205874
Lrrc16a,37.33786229,0.003900406
Lrrc19,66.49971453,0.024367238
Lrrc47,44.81491689,0.00624028
Lrrc59,1079.276924,0.015489075
Lrrc75a,97.06393126,0.035712894
Lrrfip1,77.81460618,0.018900316
Lrrfip2,201.6057377,0.153352111
Lsm12,96.59830974,0.013116441
Lsm2,158.5217627,0.007455693
Lsm3,58.83090119,0.014044471
Lsm4,65.25364475,0.008724766
Lsm8,182.0935425,0.004256028
Lsr,34.96070273,0.014746553
Lta4h,366.0051593,0.005107977
Luc7l2,28.64470853,0.019372672
Luc7l3,72.29743547,0.010933411
Luzp1,39.35916604,0.012939849
Ly75,49.02616142,0.022314282
Lyar,161.166678,0.01966118
Lyn,87.24677737,0.017942727
Lypd8,23.76405739,0.066895082
Lypla1,193.4908615,0.008178798
Lypla2,11.88367843,0.26235787
Lzic,99.01567329,0.005284265
M6pr,44.16668666,0.009483901
Macrod1,16.89377754,0.03423927
Magi1,24.14714803,0.135923545
Magi3,97.38057604,0.008683017
Magoh,908.0099061,0.013372095
Magt1,83.4948278,0.017361514
Mal2,314.6706972,0.008365495
Man1a2,98.44846592,0.017322432
Man2a1,66.84203793,0.006690419
Man2b1,36.52412899,0.008941101
Manba,97.81184237,0.010967145
Manf,136.0376807,0.005202215
Maoa,192.8552957,0.003566362
Maob,691.5623517,0.003897671
Map10,144.9027136,0.012641546
Map2k1,126.5761808,0.010011881
Map2k2,55.78132382,0.027133354
Map2k3,53.26270004,0.025505601
Map2k4,13.5841324,0.012861023
Map4,211.1939371,0.011531108
Map7,50.78948934,0.017455024
Mapk1,2567.792419,0.2511984
Mapk13,27.08133187,0.013346167
Mapk14,9.908229591,0.055856496
Mapk3,86.96031566,0.008134389
Mapre1,40.04980021,0.008671467
Marc2,472.0277451,0.012889619
March5,69.51434904,0.018667334
Marcks,397.1595944,0.005475894
Mark2,122.8749347,0.013424369
Mars,496.8177851,0.007238886
Mat2a,49.82722284,0.0085496
Mat2b,29.67641962,0.03828455
Matr3,34.38939555,0.010444347
Mavs,234.3624966,0.014072335
Mbd2,45.45650259,0.00789628
Mbl2,257.2877012,0.020725461
Mboat7,36.81121815,0.011234358
Mccc1,377.745837,0.014227941
Mccc2,573.8716818,0.007555742
Mcee,97.86701208,0.008511646
Mcfd2,563.7483627,0.002603113
Mcm2,106.5554343,0.020957118
Mcm3,89.23254727,0.014737364
Mcm4,82.71745937,0.016216854
Mcm5,71.9353679,0.03364035
Mcm6,48.45231992,0.023575395
Mcm7,83.31407805,0.015421352
Mcu,426.7710424,0.014478249
Mdh1,409.6373615,0.008823407
Mdh2,1737.168816,0.01337651
Mdp1,43.03714913,0.019351766
Me2,879.1636991,0.006468487
Mecr,491.7172928,0.003332832
Mep1a,97.29665736,0.009169686
Mep1b,454.170286,0.026872615
Mesdc2,337.3204788,0.006905226
Metap1,70.56476302,0.007877328
Metap2,61.16781422,0.013082076
Mettl7b,134.6531587,0.010386815
Mfn1,89.45700795,0.008538279
Mfn2,52.72872366,0.019459346
Mga,96.32397702,0.004972349
Mgat1,148.6513126,0.00734896
Mgat2,31.4557209,0.013411747
Mgat4a,26.6651226,0.008021372
Mgst1,365.9369422,0.002097983
Mgst3,26.42287571,0.035314372
Mia2,579.5625786,0.025892483
Mia3,14.61180252,0.004162859
Mical1,94.52218361,0.006756088
Micall2,33.35765524,0.01325729
Micu1,119.9846029,0.011563725
Micu2,229.940826,0.018160315
Mien1,100.0962269,0.011147155
Mif,22.64228371,0.150519953
Minos1,52.45851848,0.008001827
Misp,616.7400128,0.035970106
Mki67,54.09432666,0.020330065
Mkl1,29.48565936,0.023891002
Mlec,135.8374598,0.007664194
Mllt4,47.44300083,0.009085501
Mlycd,42.44299602,0.033269005
Mmaa,260.4426848,0.019133751
Mme,99.28630489,0.015883718
Mob1a,95.20416643,0.007742584
Mob2,58.86256818,0.008501548
Mob4,69.77450795,0.012119658
Mocs1,81.41115595,0.023590442
Mogat2,221.5271197,0.009075874
Mogs,309.0061607,0.015648678
Mov10,74.65879974,0.007552739
Mpc1,822.4776277,0.010612078
Mpdu1,100.3067075,0.008157605
Mpi,59.23520021,0.005922652
Mpp1,225.0300537,0.008067144
Mpp5,97.13233329,0.004391474
Mpst,95.47618942,0.042462773
Mri1,35.64949808,0.012230519
Mrpl1,383.9413351,0.010906446
Mrpl10,95.16473599,0.005653654
Mrpl11,258.9843604,0.006179341
Mrpl12,289.2555262,0.004052618
Mrpl13,3579.390218,0.086856583
Mrpl15,70.39324745,0.02358068
Mrpl16,32.8413257,0.01194362
Mrpl18,62.11616373,0.005437433
Mrpl19,561.9890548,0.009944561
Mrpl20,96.72112657,0.009198557
Mrpl21,128.6813472,0.007733505
Mrpl22,466.495217,0.01237275
Mrpl23,52.79636546,0.00547647
Mrpl24,54.3900663,0.021512373
Mrpl27,188.0283502,0.042181418
Mrpl28,60.48387991,0.013734383
Mrpl3,142.4154309,0.011941849
Mrpl30,41.58070884,0.014863887
Mrpl32,125.8229944,0.011191653
Mrpl37,211.9036682,0.007702467
Mrpl38,66.12360691,0.025687067
Mrpl4,37.049821,0.022148247
Mrpl40,412.4369004,0.022536381
Mrpl41,327.4883301,0.008314934
Mrpl42,81.78638214,0.005325301
Mrpl43,707.9566155,0.00896762
Mrpl44,195.4823392,0.004366154
Mrpl45,52.93264447,0.008017119
Mrpl46,490.1124901,0.015678977
Mrpl47,53.05206859,0.013438063
Mrpl49,303.5510805,0.018441086
Mrpl50,148.155144,0.005893579
Mrpl55,49.49732271,0.023475174
Mrpl9,482.9916382,0.024203077
Mrps10,473.7096739,0.011095188
Mrps11,137.4777228,0.033647037
Mrps14,68.32157022,0.011728905
Mrps15,77.9339947,0.026051401
Mrps17,136.385605,0.010657813
Mrps18b,76.64565868,0.023303937
Mrps2,702.0753069,0.008081475
Mrps21,48.5464952,0.02452928
Mrps22,990.5539249,0.002071904
Mrps23,176.3121779,0.005095157
Mrps25,60.10303099,0.0222321
Mrps26,246.8232341,0.014215157
Mrps27,1300.904043,0.002771222
Mrps28,186.1251287,0.022018165
Mrps30,329.1488388,0.013828517
Mrps31,145.7135536,0.013284923
Mrps33,100.3474331,0.02208871
Mrps35,135.3393332,0.011987815
Mrps36,174.4366941,0.007637965
Mrps5,95.85262477,0.00575385
Mrps6,351.5137578,0.00477366
Mrps7,202.5786604,0.008124692
Mrps9,152.8706879,0.006715324
Mrrf,230.9131253,0.005980614
Mrvi1,97.43477101,0.030162375
Ms4a10,97.65363184,0.010189179
Msra,146.5049749,0.004299016
Mta2,109.8527866,0.01116512
Mta3,42.8274566,0.013803939
Mtch2,173.0265151,0.017123741
Mtdh,54.7438732,0.003491558
Mtfr1l,55.61770214,0.00888591
Mthfd1,151.5333835,0.003858871
Mthfd1l,112.9241764,0.005722349
Mtif2,26.30902683,0.015134444
Mtm1,97.75810987,0.01141301
Mtor,14.98040444,0.404276749
Mtpn,126.6030224,0.00694432
Mtrf1l,96.83937687,0.008110007
Mttp,412.3322456,0.01639033
Mtus1,38.66818893,0.020297493
Mtx1,668.7070528,0.014890897
Mtx2,142.2544772,0.021095565
Muc13,90.72962298,0.02650399
Mut,277.2572327,0.010619151
Mvp,331.0098098,0.005514356
Mybbp1a,336.537603,0.006707174
Mydgf,575.9839047,0.012798431
Myg1,78.31762833,0.021842663
Myh14,2710.779583,0.045114124
Myh9,3621.935335,0.015516819
Myl12b,793.7520663,0.009238731
Myl6,311.9785148,0.010591407
Mylk,15.97229609,0.005096808
Myo18a,123.6630895,0.021550977
Myo1a,401.4775885,0.009611451
Myo1c,48.42362953,0.01198488
Myo1d,361.2401149,0.009028429
Myo1e,147.377027,0.017899618
Myo5b,38.467533,0.009311727
Myo6,317.3084655,0.009337768
Myo7a,32.3723057,0.01113135
Myo7b,141.9858423,0.01949683
Naa15,25.6544687,0.010208561
Naa50,52.14415194,0.03681693
Naaladl1,221.9451802,0.008979422
Naca,91.88854954,0.007479803
Nadk2,368.889898,0.001107236
Nadsyn1,99.61179603,0.014051711
Nae1,34.57744656,0.007230888
Naga,55.50519737,0.010561687
Nagk,663.7603483,0.129969859
Naip1,96.25228797,0.005428928
Nampt,45.96274897,0.006066628
Nap1l4,58.05061292,0.007680423
Napa,703.5176675,0.022530458
Napg,276.0617789,0.011338571
Naprt,157.4310405,0.022962713
Nars,134.9904881,0.004122873
Nasp,198.2817192,0.008734968
Nat2,60.62562346,0.00736084
Ncapd2,83.0486042,0.051472527
Ncbp1,58.35243756,0.012845209
Ncbp2,45.63240133,0.011966016
Nceh1,195.0560889,0.013971788
Nckap1,22.20295177,0.017077053
Ncl,138.1151752,0.01040251
Ncln,102.4189527,0.009610798
Ncor1,96.62902848,0.01040498
Ncstn,56.49617777,0.017169109
Ndfip2,52.95702533,0.012435968
Ndrg3,106.9103943,0.008880999
Ndufa10,178.2637256,0.006046534
Ndufa11,30.21558302,0.039340253
Ndufa12,124.4408203,0.004422855
Ndufa2,30.09947797,0.008652506
Ndufa3,97.46605955,0.009624703
Ndufa4,81.81624041,0.006619446
Ndufa5,101.1528076,0.014205434
Ndufa6,62.39218799,0.014732496
Ndufa7,254.6146136,0.011382949
Ndufa8,283.2437445,0.011110362
Ndufa9,86.00935279,0.010859818
Ndufab1,79.09666229,0.013591638
Ndufaf1,96.16599688,0.006161316
Ndufaf2,449.8696068,0.008335127
Ndufb10,32.87183183,0.012439381
Ndufb11,212.8560866,0.007676871
Ndufb3,353.2342369,0.010612625
Ndufb4,46.14150876,0.008116774
Ndufb5,86.10011119,0.009538382
Ndufb6,71.73189381,0.005460992
Ndufb7,65.68341624,0.009751366
Ndufb8,99.84019878,0.01275316
Ndufb9,19.42895411,0.013380495
Ndufc2,97.87582169,0.011172034
Ndufs1,1239.174135,0.008646623
Ndufs2,75.47707336,0.012482976
Ndufs3,229.4376988,0.006751682
Ndufs4,345.0629574,0.011063987
Ndufs5,154.4303501,0.010972678
Ndufs6,88.82239145,0.003822791
Ndufs7,229.4253687,0.013038025
Ndufs8,415.3726568,0.013078922
Ndufv1,431.4102903,0.012544466
Ndufv2,174.6293605,0.007902279
Ndufv3,27.83079716,0.00837024
Necap1,99.3327358,0.015378405
Necap2,97.14608643,0.009862917
Nedd8,14.35512854,0.002194609
Nf1,97.6198792,0.008341194
Nfs1,281.429518,0.010920641
Nfu1,192.4067519,0.016549486
Ngly1,96.60667589,0.013214728
Nhlrc2,60.51403217,0.011475692
Nhp2,129.53173,0.005535636
Nhp2l1,92.95244069,0.010985263
Nin,95.84852098,0.010288165
Ninl,83.31966588,0.11496731
Nipsnap1,122.8305668,0.009171015
Nipsnap3b,105.753586,0.006674368
Nit1,176.5599335,0.011210653
Nit2,325.3544016,0.006973897
Nle1,57.4969714,0.124907454
Nln,54.68664779,0.013986328
Nlrc4,5.484341522,0.419543858
Nlrp6,48.5691402,0.005332337
Nme2,1113.54043,0.001796673
Nmi,184.99391,0.006835843
Nnt,283.6267885,0.009759242
Nol4l,98.52799963,0.005636094
Nolc1,80.28794977,0.015488274
Nomo1,213.1166547,0.006367183
Nono,153.1564386,0.005160912
Nop2,50.78180808,0.026014426
Nop56,1017.260011,0.00733759
Nop58,166.7288225,0.007097411
Nos2,96.2573753,0.03076895
Nostrin,96.36742266,0.036808707
Npc1l1,132.5283372,0.022911704
Npc2,359.6630455,0.008605063
Npepps,77.86618757,0.0085292
Npl,505.8216021,0.0081795
Npm1,133.0670856,0.007897492
Npm3,162.8005224,0.037193255
Nptn,41.59056703,0.081915811
Nqo2,97.80912751,0.004292827
Nr3c1,92.71495209,0.008535436
Nrd1,41.60429808,0.006780837
Nsdhl,277.4993204,0.008392686
Nsf,253.6852667,0.01143947
Nsun2,28.48711827,0.020407029
Nt5c,61.29711837,0.007150762
Nt5e,97.1471294,0.015330897
Nub1,58.84097082,0.013828829
Nucb1,647.8256005,0.008956875
Nucks1,79.02065589,0.013020409
Nudc,158.3340604,0.01163773
Nudcd1,85.88960312,0.009726408
Nudcd2,77.71272831,0.017476605
Nudt19,67.33782576,0.006618467
Nudt2,78.43059555,0.005571118
Nudt21,70.57763826,0.004705262
Nudt4,104.9670574,0.005179429
Nudt5,138.8374744,0.009753611
Nudt7,84.82750161,0.018857229
Nufip2,111.8202975,0.004985112
Numa1,157.8535121,0.020996362
Numb,125.8237309,0.01535427
Nup107,369.025698,0.008367596
Nup133,827.3623501,0.006372447
Nup155,94.18518808,0.010266653
Nup160,84.42264552,0.024238865
Nup210,1083.685389,0.013987198
Nup214,21.49265861,0.129120623
Nup35,44.05411198,0.007920752
Nup43,133.5533121,0.009691409
Nup50,85.17155694,0.020668107
Nup54,75.83155841,0.011568522
Nup62,100.774043,0.007433368
Nup85,105.8674663,0.005552523
Nup88,23.12307488,0.136036681
Nup93,1189.530598,0.007206491
Nup98,270.3473483,0.009621766
Nxf1,14.57671227,0.010661433
Oacyl,8595.720569,0.005335911
Oas1a,361.0420858,0.016213679
Oas3,99.09611256,0.062905131
Oasl1,88.70952907,0.007906971
Oasl2,64.21390877,0.020680981
Ociad1,284.3749895,0.014869169
Ociad2,147.0247859,0.01793754
Ocln,37.37522149,0.038159144
Ogdh,419.9543229,0.019188851
Ogfr,31.6553134,0.024777045
Ogt,106.1978316,0.003529327
Ola1,109.4636333,0.007740887
Olfm4,535.1665557,0.08827446
Opa1,244.8847968,0.008190688
Opa3,87.82633199,0.01233787
Optn,90.98919346,0.017998681
Ormdl2,97.55571643,0.005208535
Ormdl3,50.00280677,0.01594665
Os9,75.73043327,0.010185068
Osbp,50.4310209,0.005806356
Osbpl3,180.3027007,0.007460437
Osbpl6,79.61526343,0.00780571
Ostc,54.12181598,0.012282525
Ostf1,26.92170483,0.004293737
Otc,1976.791462,0.00964297
Otub1,86.66257552,0.004690849
Oxa1l,97.96996011,0.010991596
Oxct1,502.3929549,0.011590414
Oxnad1,29.22826432,0.014104578
Oxsm,321.0780831,0.01178399
P4hb,1078.959486,0.015318635
Pa2g4,175.5256222,0.002383315
Pabpc1,63.68147325,0.00866628
Pacsin2,204.2475753,0.004794223
Paf1,27.74350416,0.062328097
Pafah1b1,77.22996174,0.015303926
Pafah1b2,96.35118307,0.014158092
Pafah1b3,44.83334975,0.005626553
Pafah2,144.5110105,0.006129443
Pag1,96.76957057,0.006554847
Paip1,52.44956868,0.01126261
Pak1,57.43091951,0.005617303
Pak2,85.90931018,0.009392184
Palld,158.0266089,0.003791995
Pam16,74.86299523,0.023788997
Papss2,98.87831473,0.011612743
Park7,359.5313897,0.006705969
Parp12,22.67765317,0.017305529
Parp14,79.36444222,0.059304767
Parp4,97.62290163,0.018929023
Parp9,150.3772252,0.013400074
Pars2,119.1548228,0.006146375
Pawr,89.3397015,0.019881213
Pbld2,76.71378431,0.0044835
Pcbd1,37.75587659,0.000512154
Pcbp1,120.3129698,0.007146026
Pcbp2,20.16133859,0.014575824
Pcca,418.2592749,0.00641854
Pccb,70.24046956,0.006222524
Pck1,46.21894604,0.006787623
Pck2,700.0405461,0.009760428
Pcmt1,63.25599822,0.007748524
Pcna,72.84472345,0.03525045
Pcnp,147.382945,0.007444547
Pcnt,16.30434339,0.021770175
Pcsk5,12.9011426,0.01070926
Pcyt1a,110.705328,0.024736878
Pcyt2,58.57747621,0.020149622
Pdap1,66.8959399,0.009677781
Pdcd10,86.46467621,0.008074967
Pdcd4,41.75181279,0.040232874
Pdcd5,11.52330211,0.14381652
Pdcd6,3.50927133,0.094615683
Pdcd6ip,276.5370822,0.019775201
Pdcl3,33.94529602,0.006402372
Pde12,60.65042018,0.013031099
Pdha1,455.9273019,0.013764393
Pdhb,2304.459533,0.016532897
Pdhx,387.1539621,0.018754745
Pdia3,193.0555696,0.003595784
Pdk2,67.77197064,0.016268036
Pdk3,66.16749038,0.005406837
Pdlim1,145.0642824,0.005984777
Pdlim2,150.0862099,0.015953528
Pdlim5,116.2857611,0.005328831
Pds5a,11.57342879,0.015171588
Pds5b,19.18404322,0.105502922
Pdxdc1,34.60049618,0.007221296
Pdxk,152.8844867,0.00918898
Pdzd11,460.1769573,0.019407214
Pdzd3,98.19008568,0.003022278
Pdzd8,18.90666876,0.017763853
Pdzk1,157.2003307,0.008270584
Pebp1,53.9269273,0.000800761
Pepd,263.1483125,0.008432275
Pex1,42.25981972,0.017274767
Pex11b,643.340789,0.003262164
Pex11g,97.06533576,0.005608024
Pex12,96.66102628,0.008489127
Pex14,268.298529,0.007748761
Pex16,150.5310248,0.026263616
Pex19,44.42549071,0.015621372
Pex26,97.51593155,0.005483766
Pex3,166.2306077,0.025568255
Pfas,37.369388,0.00553547
Pfdn1,48.65344032,0.015576808
Pfdn2,48.1862063,0.020788819
Pfkfb4,51.12413685,0.021197283
Pfkl,20.68974737,0.133207915
Pfkp,166.9684832,0.007071074
Pfn1,80.91384688,0.005052898
Pgam1,173.6687961,0.001791598
Pgam5,134.8382547,0.014963196
Pgd,645.7325015,0.005394133
Pgk1,1054.807024,0.005542852
Pgls,86.30445538,0.004028656
Pgm1,44.29189007,0.00255575
Pgm2,781.1268911,0.001198225
Pgm2l1,97.59000116,0.116403375
Pgm3,36.07964346,0.016521159
Pgp,60.99174356,0.007583899
Pgrmc1,239.4710014,0.006029584
Pgrmc2,178.7284697,0.009585837
Pgs1,100.9619806,0.010657722
Phactr4,99.10277318,0.006556013
Phb,2415.541926,0.002956756
Phb2,609.3126347,0.008333678
Phf5a,73.05061938,0.015313886
Phgdh,97.24654475,0.006451273
Phyh,1843.862267,0.094798868
Pi4ka,100.498444,0.011051493
Picalm,87.50724546,0.021894506
Pigr,38.52455391,0.035971598
Pigs,61.15838936,0.006493422
Pigt,96.56305259,0.009678327
Pik3c2a,92.70903564,0.007149549
Pipox,63.18536251,0.008557597
Pitpna,34.75963932,0.001925774
Pitpnb,87.55982994,0.012940861
Pitrm1,514.8248924,0.003738129
Pklr,407.255213,0.004473608
Pkm,195.9986127,0.003222081
Pkn1,97.88644984,0.015664831
Pkp1,274.4592906,0.016964825
Pkp3,61.45907052,0.014575169
Pkp4,95.43198188,0.020050433
Pla2g12b,88.08985037,0.020743737
Plaa,37.24208645,0.00629163
Plac8,90.45128622,0.004712677
Plb1,94.68461958,0.005239391
Plbd1,239.3403585,0.006819511
Plcb3,145.4989775,0.003184596
Plcd1,385.2973148,0.004982434
Pld1,42.66425732,0.012803381
Plec,446.1764629,0.039056565
Plekha6,23.68690727,0.008513876
Plekha7,84.09050575,0.005602445
Plekhg6,96.95489461,0.00792699
Plgrkt,351.6327887,0.010215792
Plin3,261.899745,0.017963034
Plp2,1822.478072,0.005017835
Plrg1,93.62546704,0.019703823
Pls1,252.2527488,0.006933645
Pls3,36382.01048,0.000572089
Plxnb2,51.3094715,0.01821332
Pm20d1,113.227795,0.017874156
Pml,79.41487844,0.030592037
Pmm2,230.2376262,0.006191712
Pmpca,40.27779777,0.010135064
Pnkp,13.15369999,0.001943151
Pnn,67.34883157,0.006888924
Pnp,357.9435552,0.003930633
Pnpt1,317.6381302,0.006032193
Pof1b,623.0291976,0.016140677
Poldip2,40.19984129,0.018987331
Poldip3,27.4536689,0.017084015
Polr1e,97.69503551,0.004817049
Polr2a,30.52458697,0.052905039
Polr2b,111.2895084,0.016719615
Polr2c,62.50745817,0.015136596
Polr2e,27.29792018,0.029551007
Polr2h,554.3633487,0.00850194
Pon2,53.78077257,0.01331733
Pon3,174.5919796,0.005647599
Por,368.0106177,0.034350635
Ppa1,215.1029008,0.005530133
Ppa2,221.1240733,0.004980205
Ppcs,91.83151329,0.006892355
Ppia,337.959751,0.00464892
Ppib,600.5897782,0.006539425
Ppid,171.8912919,0.005980785
Ppie,56.16143935,0.016843222
Ppif,329.7603817,0.007958809
Ppil1,363.0753549,0.006701724
Ppil2,28.35659921,0.020304391
Ppip5k2,95.496205,0.002094825
Ppm1a,80.85933533,0.004373831
Ppm1b,31.70562724,0.014744129
Ppm1g,40.55669896,0.012887001
Ppme1,69.65102473,0.008735542
Ppox,71.44072009,0.011792631
Ppp1ca,43.3384163,0.009558195
Ppp1cb,57.3008137,0.013197846
Ppp1cc,49.54980796,0.009676656
Ppp1r12a,144.162053,0.019328931
Ppp1r14d,95.78046767,0.00969064
Ppp1r1b,80.99052324,0.004618255
Ppp1r2,98.01018646,0.010778303
Ppp1r21,100.3582704,0.007183178
Ppp1r35,98.48757783,0.016050738
Ppp1r7,270.1847503,0.008748408
Ppp1r8,14.24502564,0.162912043
Ppp1r9b,96.63659641,0.011993312
Ppp2ca,86.96546469,0.020741087
Ppp2r1a,245.2792087,0.004056159
Ppp2r2a,69.95346012,0.006730273
Ppp2r4,28.50296709,0.00438439
Ppp2r5a,13.12367217,0.012748102
Ppp2r5c,76.7285109,0.018664011
Ppp3ca,23.8793395,0.019173154
Ppp4c,61.9036538,0.003879406
Ppp4r1,94.69454814,0.009516445
Ppp5c,34.07740517,0.004044493
Ppp6r3,68.61283493,0.012397398
Ppt1,210.1412896,0.007530142
Pptc7,99.53091308,0.007595424
Pqbp1,34.11862381,0.011151207
Prap1,99.44136094,0.006183564
Prdm16,87.46264489,0.016459088
Prdx1,147.726326,0.001457587
Prdx2,81.49565424,0.007517619
Prdx3,34.24999879,0.00618252
Prdx4,5945.907406,0.00211802
Prdx5,110.6416354,0.007739127
Prdx6,283.1803633,0.004772386
Preb,138.8674764,0.010538733
Prep,1437.32806,0.225675878
Prkaa1,106.9991957,0.00775432
Prkaca,106.0004304,0.008841595
Prkag1,72.88298158,0.006708816
Prkar1a,96.39145298,0.014903955
Prkar2a,53.03173018,0.003952803
Prkca,32.8517757,0.005950838
Prkcd,87.34425103,0.023319099
Prkce,97.32942149,0.012983889
Prkcsh,1788.524268,0.026194485
Prkg2,62.94351116,0.007111504
Prkra,164.6545205,0.009242458
Prmt1,73.27285099,0.010223337
Prmt5,34.44931649,0.006275294
Prodh,955.3988416,0.011428095
Prosc,456.6162299,0.004088502
Prpf19,498.0501876,0.007050662
Prpf3,89.66958981,0.012622527
Prpf31,98.19103911,0.069835873
Prpf4,203.3968873,0.014174699
Prpf40a,31.86846539,0.021424724
Prpf6,95.39445358,0.019923066
Prpf8,188.5792379,0.023037018
Prps1,180.1014967,0.004049092
Prps2,295.0899758,0.014283976
Prpsap1,24.63288709,0.008348422
Prr15,140.5173361,0.003362723
Prrc1,71.78188308,0.010183322
Prrc2a,9.520251178,0.075642975
Prrc2c,21.55622919,0.013151388
Prss30,97.71096385,0.036829984
Psap,98.47094166,0.007402047
Psd3,96.97114293,0.006848343
Psen1,103.0251576,0.019101731
Psip1,189.1593206,0.009566276
Psma1,166.0881552,0.00313487
Psma2,106.6148182,0.029607773
Psma3,76.2715518,0.011562484
Psma4,91.22137186,0.005400252
Psma5,426.0937237,0.001808072
Psma6,308.6832657,0.007490035
Psma7,169.6536244,0.002635193
Psmb1,74.55296074,0.009036647
Psmb10,56.60508353,0.004290069
Psmb2,48.97255938,0.004934155
Psmb3,35.01696287,0.00983719
Psmb4,67.471211,0.005229082
Psmb5,24.24357307,0.012562294
Psmb6,44.20968342,0.006381533
Psmb7,192.2596755,0.007833139
Psmb8,26.24781928,0.004738333
Psmb9,122.3412057,0.009662919
Psmc1,108.6710857,0.006513199
Psmc3,102.7253868,0.00740109
Psmc5,234.2645656,0.009271493
Psmc6,107.8551225,0.002782508
Psmd1,63.44573919,0.005123736
Psmd10,95.58462422,0.04734148
Psmd11,43.63425322,0.022576303
Psmd12,216.7697021,0.010855768
Psmd13,70.28113718,0.00815078
Psmd14,227.1565687,0.012798824
Psmd2,51.2880074,0.002912074
Psmd3,123.7471879,0.003551648
Psmd4,129.2285505,0.014227913
Psmd5,122.5325818,0.006361144
Psmd6,105.7920286,0.004458171
Psmd7,136.6823635,0.00652599
Psmd9,107.0580802,0.009701592
Psme1,128.1806664,0.003602888
Psme2,138.2021397,0.007320057
Psme3,385.1297858,0.046624715
Pspc1,425.5043876,0.0065711
Ptbp1,34.02334162,0.028494986
Ptbp3,43.71488875,0.020927741
Ptcd3,430.8542873,0.007047609
Ptdss2,63.26666248,0.007775124
Pter,58.4740039,0.010258438
Ptges2,218.2077748,0.005502793
Ptges3,80.70731141,0.00484042
Ptgfrn,89.18288537,0.008373364
Ptgr1,240.249583,0.006875114
Ptgr2,110.5939807,0.00500154
Ptma,55.83152541,0.014790942
Ptms,118.575711,0.005084147
Ptp4a1,22.28989069,0.026190555
Ptp4a2,47.4105911,0.013337671
Ptpn1,65.78045875,0.010279267
Ptprf,95.61491303,0.008945954
Ptprh,99.31391563,0.073745344
Ptrh2,480.4808193,0.00863702
Pttg1ip,65.77658082,0.014270571
Puf60,77.36844067,0.022054632
Pura,117.475514,0.011184239
Purb,94.62591785,0.009849222
Pvrl2,83.54912334,0.031568429
Pxn,21.41562508,0.027302408
Pycard,54.3993913,0.002983306
Pycrl,86.85893242,0.003750394
Pygb,31.19836785,0.007390819
Qars,128.4750518,0.006626603
Qdpr,24.22040427,0.025564431
Qsox2,98.83490079,0.021058983
Rab10,356.5910753,0.004529689
Rab11a,643.3037809,0.021063856
Rab11fip1,78.64974314,0.018652797
Rab11fip3,97.90460189,0.012952017
Rab14,343.7456305,0.008542234
Rab17,168.2678566,0.018948235
Rab18,473.8706641,0.013481313
Rab19,96.23956616,0.032796478
Rab1b,424.6115551,0.010837494
Rab21,562.2131069,0.017766303
Rab22a,98.95568576,0.009343135
Rab25,90.87711597,0.007798188
Rab27b,268.5917297,0.049047925
Rab2a,220.1827698,0.009690145
Rab35,194.5732407,0.016326439
Rab3a,364.764192,0.100099513
Rab3gap1,98.94434229,0.016610177
Rab3gap2,97.75552142,0.015651284
Rab43,719.7753465,0.004005386
Rab5a,302.0943957,0.01899536
Rab5b,23.01052316,0.079329706
Rab5c,418.3111723,0.01514443
Rab6a,1301.98958,0.020126518
Rab8a,216.2456252,0.009699589
Rab8b,96.57114625,0.00921198
Rabac1,31.99778043,0.00883845
Rac1,353.3926238,0.010996195
Rad21,40.05723124,0.018068204
Rad23b,61.31179793,0.006297997
Rad50,67.78887966,0.003310586
Raf1,51.2468348,0.014917342
Rala,91.81635783,0.007332378
Ralb,192.3284691,0.002497904
Ralgapa2,95.80420928,0.008456453
Raly,176.0876018,0.013324678
Ran,94.49303004,0.003983256
Ranbp1,78.73376745,0.00594334
Ranbp2,723.5136833,0.14015986
Ranbp3,128.851225,0.00852366
Rangap1,442.7765229,0.013981287
Rap1a,249.779216,0.048430073
Rap1b,112.2557427,0.011295176
Rap2c,94.57703257,0.013245118
Rars,302.1584037,0.004198296
Rars2,227.5997633,0.014386602
Raver1,42.28244801,0.008338814
Rbbp4,149.8797088,0.009152445
Rbbp7,156.2563632,0.012969164
Rbm10,70.09811968,0.017047814
Rbm15,48.89823973,0.016055595
Rbm17,55.0070731,0.009349362
Rbm22,94.13995062,0.006856021
Rbm25,68.64604376,0.014327937
Rbm26,40.06817668,0.016369821
Rbm27,95.39548576,0.011603563
Rbm3,44.73804789,0.0119
Rbm39,11.24926917,0.011515418
Rbm47,125.823903,0.020561439
Rbm5,17.56020804,0.013739309
Rbm8a,331.0741024,0.002862858
Rbmx,806.2727335,0.008504809
Rbp2,80.53821318,0.019963227
Rbx1,52.21418351,0.005525171
Rcc1,2057.620946,0.008410945
Rcc2,98.10981859,0.017899158
Rcn2,945.7469124,0.0134628
Rdh11,808.1083064,0.010532445
Rdh13,841.7318561,0.011132526
Rdh14,89.21267839,0.012543224
Rdh16,730.2886111,0.011287671
Rdh7,161.9302017,0.014511012
Reep3,98.57832726,0.013246594
Reep4,21.40100082,0.017956296
Reep6,138.9267207,0.00537741
Reg3b,117.4712465,0.021021994
Reg3g,36.22206506,0.022867878
Rer1,221.0497584,0.012410948
Retsat,65.87688856,0.010974954
Rexo2,187.8174618,0.006413503
Rfc2,73.40406127,0.017271664
Rfk,96.61269995,0.006456055
Rhoa,664.4098781,0.018201444
Rhob,95.3805529,0.005780993
Rhoc,101.3254574,0.229419632
Rhod,54.00013315,0.015110617
Rhog,686.9851378,0.011151356
Rhot1,62.14330596,0.007872841
Rhot2,130.998509,0.019928443
Rhpn2,135.1722284,0.005835994
Ripk1,77.90594992,0.008895605
Ripk3,321.3872675,0.044136546
Rmdn1,1136.803733,0.014556849
Rmdn3,214.5441337,0.01003059
Rnasel,15.41933891,0.010237832
Rnf121,63.79150008,0.013272947
Rnf170,97.24699448,0.00811155
Rnf213,13.51535856,0.021586993
Rnf5,245.6458024,0.005674119
Rnh1,485.8515931,0.018527684
Rnpep,84.57441476,0.004580857
Rnps1,779.5992417,0.018818663
Rock1,4.978191416,0.066488161
Rock2,19.65652707,0.065423541
Romo1,74.83016813,0.021776726
Ros1,751.3314392,0.008368638
Rp2,96.14030018,0.014967975
Rpl10,32.90771274,0.00122906
Rpl10a,76.62810326,0.004259638
Rpl11,100.0017327,0.005069251
Rpl12,127.2049123,0.003381284
Rpl13a,34.97881625,0.00303387
Rpl14,78.18229642,0.001721244
Rpl15,80.99493532,0.002652677
Rpl17,32.88869197,0.003217151
Rpl18,31.99853598,0.001173327
Rpl18a,13.14811534,0.00367788
Rpl19,14.14925415,0.000963965
Rpl21,44.02568095,0.009164636
Rpl22,215.8034228,0.004226966
Rpl22l1,32.32396814,0.017495393
Rpl23,12.12478535,0.002167611
Rpl23a,72.16644983,0.003849949
Rpl24,50.13037489,0.005360485
Rpl26,13.57308981,0.004786706
Rpl27,186.1283394,0.00801968
Rpl27a,48.65643773,0.00289149
Rpl28,12195.52175,2.96375255
Rpl29,165.80198,0.00311174
Rpl3,46.55546142,0.002467314
Rpl30,204.0829141,0.005744177
Rpl31,72.84465516,0.005273978
Rpl32,52.32648174,0.002736224
Rpl34,31.9998092,0.003173069
Rpl35,33.48518354,0.002693013
Rpl35a,126.078764,0.011134319
Rpl36a,98.80136361,3.917548068
Rpl37a,24.6481604,0.016870224
Rpl38,40.51738915,0.009992774
Rpl4,44.18858385,0.001716869
Rpl5,55.67614162,0.003743115
Rpl6,18.99317211,0.002886404
Rpl7,48.3752476,0.002331059
Rpl7a,88.89943764,0.002325751
Rpl8,29.35035674,0.005817964
Rpl9,42.35416643,0.002680993
Rplp0,67.70402921,0.003208077
Rplp1,135.0410891,0.016896722
Rplp2,199.6103843,0.004642742
Rpn1,248.8251601,0.003948248
Rpn2,429.2470111,0.005327139
Rprd1b,71.59365778,0.013017842
Rps10,31.22566275,0.012012854
Rps11,18.92304195,0.003947879
Rps12,139.3908848,0.010238405
Rps13,135.9741632,0.00564232
Rps14,40.9409888,0.002808539
Rps15,28.25999496,0.003116292
Rps15a,78.43787558,0.008207391
Rps16,41.41757177,0.005544708
Rps17,74.95935428,0.003515103
Rps18,64.25860223,0.0079565
Rps19,130.7948642,0.008426602
Rps2,21.86018285,0.001322104
Rps20,72.42781112,0.004466315
Rps21,55.49939251,0.003540489
Rps23,15.23106254,0.007926538
Rps24,0.523122523,0.00579
Rps25,34.02112195,0.003417736
Rps26,19.55848056,0.002586958
Rps27,11.06012537,0.013191107
Rps27a,45.38470883,0.013436809
Rps27l,46.24083252,0.013301784
Rps28,63.5047491,0.004105149
Rps3,77.76790181,0.003954595
Rps4x,32.8992295,0.00128441
Rps5,23.89346246,0.00186493
Rps6,47.207988,0.001351303
Rps6ka1,39.95587112,0.003380318
Rps6ka3,42.75602963,0.017246871
Rps7,167.3485952,0.010074139
Rps8,19.74368289,0.001132575
Rps9,146.2190098,0.006328679
Rpsa,55.83606129,0.003052662
Rraga,115.2966654,0.008780005
Rragd,97.60577893,0.051826742
Rras2,186.5382829,0.011850747
Rrbp1,24502.08118,2.083620789
Rrp7a,95.52821615,0.025419435
Rsl1d1,74.0516643,0.012372605
Rtcb,217.2983947,0.007234671
Rtn3,61.84930951,0.013433184
Rtn4,42.241002,0.011238016
Rtn4ip1,68.24141439,0.011784459
Rufy3,96.91377607,0.005749424
Ruvbl1,233.5428728,0.003131837
Ruvbl2,168.081875,0.006555164
S100a10,92.11330705,0.012137066
S100a6,55.00291727,0.074645773
Sacm1l,350.0440689,0.012681931
Sae1,47.68792684,0.010768983
Safb,116.3402736,0.009460279
Safb2,59.10745298,0.015509244
Samhd1,70.63048075,0.005502927
Samm50,113.0781334,0.010815358
Sap18,109.3747457,0.018954459
Sar1b,204.2013995,0.009047433
Sarnp,69.03355648,0.004887183
Sars,373.5165083,0.006744146
Sars2,556.9642648,0.007325768
Sart1,78.66681074,0.022308112
Sart3,36.38932185,0.007665398
Sbds,52.73930229,0.042268798
Scamp1,75.18619852,0.048806152
Scamp2,98.63377743,0.014139447
Scamp3,113.4358629,0.024529133
Scarb2,97.99489267,0.007168445
Sccpdh,48.55142416,0.022714651
Scfd1,370.8378026,0.005854957
Scfd2,27.89615498,0.140115171
Scin,36.19172459,0.008375187
Scly,100.2193623,0.044780637
Scmh1,87.80963316,0.122594534
Sco1,197.689964,0.011877883
Scp2,108.4526637,0.021011882
Scpep1,298.6370843,0.007879316
Scrn2,58.75360699,0.004372196
Scyl1,479.2283871,0.00315017
Scyl2,75.44577696,0.012371809
Sdc4,75.52964662,0.007040537
Sdcbp,82.96901214,0.009695207
Sdcbp2,29.32672606,0.021828389
Sdf4,17.46961383,0.011804236
Sdha,543.3788688,0.018983404
Sdhaf1,60.38276606,0.009597321
Sdhb,340.318553,0.01613735
Sdsl,98.22983124,0.004558833
Sec11a,75.70278965,0.016217763
Sec13,157.4714245,0.011441514
Sec14l2,63.13033322,0.005713774
Sec16a,27.89918982,0.031527785
Sec16b,59.9785603,0.015760763
Sec22b,922.3319911,0.018744176
Sec23a,99.77181139,0.007285647
Sec23b,39.15487931,0.006229566
Sec23ip,8.837514287,0.152913953
Sec24a,56.87965181,0.014212578
Sec31a,100.3426385,0.008250217
Sec61a1,354.0001582,0.012142211
Sec61b,217.9667997,0.00436126
Sec61g,40.17827624,0.008042342
Sec62,78.98842316,0.007632785
Sec63,203.3457834,0.012079864
Seh1l,21.62427241,0.011563859
Sel1l,22.37722812,0.009407246
Selenbp1,111.4779923,0.002705344
Sema3b,56.6389409,0.196557378
Sema4b,71.64682703,0.017777052
Sep15,78.21926723,0.008754636
Sephs1,291.8899689,0.004886284
Sephs2,50.49855169,0.00670648
Sepsecs,864.6311527,0.008553727
Sept11,247.6466328,0.000790943
Sept5,712.7180038,0.019493656
Sept7,158.2751386,0.025141553
Sept9,154.130354,0.005172129
Serbp1,45.96656486,0.00737784
Serhl,205.138568,0.021600641
Serpinb1a,432.949609,0.009016397
Serpinc1,963.5464635,0.007120623
Set,67.85832276,0.007149998
Sf1,59.45156238,0.013627149
Sf3a1,381.6773405,0.011841384
Sf3a2,137.6654377,0.012797271
Sf3a3,328.2421275,0.007041529
Sf3b1,110.5334222,0.019602269
Sf3b3,479.8987543,0.013190181
Sf3b4,88.68044319,0.010852096
Sfn,202.4551193,0.00255918
Sfpq,286.5229863,0.006755368
Sfxn1,137.7880673,0.011346921
Sfxn3,227.7340421,0.007293048
Sgpl1,388.4390988,0.012734021
Sgta,115.5307651,0.01536692
Sh3bgrl,38.55341231,0.003926152
Sh3bgrl3,280.8744777,0.0957224
Sh3gl1,118.9567848,0.012580383
Sh3glb1,12.12646666,0.004705065
Shkbp1,100.031053,0.005892041
Shmt1,446.2688312,0.00433076
Shmt2,5558.379748,0.015181443
Shpk,53.00892399,0.007601311
Shroom3,98.68664148,0.010769528
Siae,92.77071999,0.019013203
Sigirr,810.9944448,0.01713901
Sipa1l3,93.43266699,0.012063574
Sirt2,98.64761265,0.009363229
Skiv2l2,734.7850346,0.029800544
Slc12a2,110.211835,0.017876377
Slc12a6,96.06512055,0.016912995
Slc12a7,128.3844199,0.02049806
Slc13a2,96.52251153,0.008338656
Slc15a1,143.182695,0.019618017
Slc16a1,524.7923551,0.003833075
Slc16a10,257.1072575,0.005019842
Slc16a3,95.17612359,0.008391781
Slc1a5,96.07533474,0.019611618
Slc22a18,265.2745628,0.008919232
Slc25a1,171.1271674,0.011524822
Slc25a10,316.7969385,0.015976674
Slc25a11,234.2810096,0.010027871
Slc25a12,166.7298804,0.007927677
Slc25a13,129.9874497,0.009157258
Slc25a15,228.9259365,0.012738983
Slc25a20,574.5156972,0.0112239
Slc25a22,509.8691618,0.036521344
Slc25a24,257.338545,0.010432904
Slc25a25,221.4229347,0.012741456
Slc25a3,320.234038,0.012946759
Slc25a45,282.485146,0.01969108
Slc25a5,263.2928603,0.010232394
Slc26a2,28.75449678,0.016617585
Slc26a6,259.2283982,0.022476496
Slc27a2,150.7983198,0.010619472
Slc27a4,143.4831951,0.030582963
Slc28a2,21.58752573,0.004457334
Slc2a2,43.42983609,0.008854462
Slc30a5,39.60036427,0.008647817
Slc30a7,107.4668009,0.010809663
Slc33a1,138.4893563,0.00755067
Slc34a2,308.6664042,0.032131804
Slc35a1,96.68043154,0.015372681
Slc35f2,155.1712827,0.002679233
Slc35g1,117.4695437,0.003762493
Slc38a10,20.65086521,0.0175313
Slc39a11,46.69833197,0.005599402
Slc39a14,54.16433332,0.019392303
Slc39a4,95.30145653,0.009922213
Slc39a5,95.11680289,0.005881777
Slc3a1,378.9333384,0.025979151
Slc3a2,662.016336,0.009825986
Slc43a2,77.15523975,0.008163464
Slc44a1,98.18645744,0.00793317
Slc4a2,64.88862478,0.009594916
Slc4a4,22.69870594,0.011257443
Slc4a7,12.29716525,0.007695827
Slc51b,90.41024261,0.003056802
Slc52a2,98.7301134,0.010682676
Slc52a3,96.83589641,0.011504758
Slc5a1,301.445169,0.009056348
Slc5a11,111.5513185,0.005089218
Slc5a9,97.26795714,0.001493375
Slc6a19,287.7006064,0.032066198
Slc6a8,99.47176411,0.01383176
Slc7a1,97.30626643,0.004962998
Slc7a5,95.62301361,0.015567357
Slc7a7,124.7870109,0.009956699
Slc7a8,104.0943755,0.005053767
Slc9a1,88.64305193,0.01908555
Slc9a3,94.52617177,0.012351346
Slc9a3r1,404.3309767,0.006170173
Slirp,96.19590819,0.005993383
Slk,14.86498389,0.013080234
Slmap,56.55583238,0.00289384
Sltm,21.29657975,0.012763839
Smap1,45.280552,0.00840343
Smap2,96.28289732,0.014697393
Smarca4,657.2052408,0.225286096
Smarca5,60.64109638,0.011120264
Smarcb1,97.01058148,0.005336073
Smarcc2,25.20979402,0.015029133
Smarcd2,57.30783078,0.013904533
Smarce1,85.72690588,0.014731276
Smc1a,107.3094086,0.010009882
Smc2,35.35197988,0.065155082
Smc3,78.18215695,0.009030141
Smc4,15.31478792,0.142845714
Smc5,97.29925627,0.017852928
Smdt1,96.93144644,0.118015086
Smek1,34.32982301,0.029922519
Smim24,98.15332054,0.008086831
Smpd2,112.2337968,0.016209663
Smpdl3a,25.63257355,0.048765236
Smpdl3b,110.4478887,0.021203048
Smu1,56.5981767,0.012438753
Snap23,571.1736673,0.012572825
Snap29,29.88314908,0.030339417
Snd1,187.2438166,0.004829279
Snf8,16.82955729,0.01650793
Snrnp200,214.5098354,0.014054651
Snrnp40,69.35018611,0.009642445
Snrnp70,52.7417477,0.016887509
Snrpa,43.82072871,0.009390988
Snrpa1,88.96012548,0.004120575
Snrpb,55.40321024,0.01595175
Snrpb2,145.8692203,0.004880801
Snrpc,97.28708418,0.014131232
Snrpd1,145.7070445,0.010609332
Snrpd2,1101.41082,0.016447315
Snrpd3,142.3956381,0.007379392
Snrpe,44.45799717,0.043418281
Snrpf,33.73847686,0.004598563
Snrpg,45.315189,0.070577433
Snw1,77.9884859,0.013581699
Snx1,139.6383143,0.008693902
Snx12,31.9876076,0.045423533
Snx2,162.0336176,0.004165426
Snx3,31.07088862,0.005593676
Snx4,70.26869543,0.002791539
Snx5,39.42878955,0.00733536
Snx6,96.01443306,0.000405511
Snx7,159.8270749,0.008881203
Snx9,269.0539121,0.011043049
Soat2,446.2898549,0.014566646
Sod1,178.108583,0.002640374
Sod2,343.191039,0.011750107
Son,8.110306178,0.010121306
Sorbs1,96.50826064,0.013880113
Sord,156.8392001,0.003079054
Sort1,99.00087603,0.016381913
Sowahb,97.13299177,0.015915938
Sp1,100.8187306,0.014953617
Spag9,98.41328522,0.009086695
Spata5,525.6313452,0.003047861
Spcs2,49.98511076,0.06675672
Spcs3,369.6597114,0.003794674
Sphk2,87.20473901,0.023199378
Spint1,61.39831135,0.023625864
Spint2,9.723136802,0.068332787
Sppl2a,30.05506552,0.024662706
Spr,194.752261,0.010574294
Spryd4,242.3803348,0.008013046
Sptan1,774.34712,0.010765462
Sptbn1,246.4219912,0.014264694
Sptlc1,364.9974746,0.015157286
Sptlc2,160.9415619,0.031192151
Sqrdl,378.944224,0.007057558
Src,46.58517164,0.012205708
Sri,101.3944418,0.00586519
Srm,107.5787499,0.059363837
Srp14,31.87119905,0.03986975
Srp68,100.0892315,0.007853851
Srpk1,40.50235569,0.022388027
Srpr,54.92596285,0.012225827
Srprb,33.94595818,0.008224777
Srrm1,9.560488002,0.007802374
Srrm2,31.96725347,0.022647629
Srrt,258.7947492,0.009544598
Srsf1,155.7006029,0.005827781
Srsf10,162.4430571,0.085279552
Srsf2,27.18503637,0.003765768
Srsf3,44.85822054,0.007813746
Srsf4,70.63470785,0.006367338
Srsf5,52.90149295,0.033350359
Srsf6,173.2593888,0.022787085
Srsf7,504.8616197,0.018407344
Srxn1,99.61897802,0.006024052
Ssb,32.02437054,0.011686879
Ssbp1,2585.03146,0.014812823
Ssfa2,108.9362817,0.007896592
Ssr1,86.23069493,0.013687635
Ssr3,240.4409623,0.008211402
Ssr4,168.2079037,0.012748177
Ssrp1,98.42463393,0.007665893
St13,138.976957,0.003912003
St14,41.18911252,0.015113552
St3gal4,94.50582053,0.036208415
Stard10,155.0080738,0.187911621
Stat1,114.2886547,0.009627348
Stat3,56.51734655,0.022010206
Stau1,51.91353292,0.015312607
Steap3,63.20220046,0.00736463
Stim1,150.9598914,0.00372773
Stip1,548.8011899,0.005111321
Stk10,94.63061526,0.012160278
Stk24,68.56531766,0.014752767
Stk25,44.86188121,0.004881758
Stk38,97.50230227,0.015227914
Stk39,69.20712744,0.012540337
Stmn1,42.93268727,0.031305488
Stom,495.7345255,0.033070824
Stoml2,284.3903113,0.006793655
Strap,162.2747221,0.013854446
Strn,191.5361543,0.019742015
Strn3,67.40770769,0.009523157
Stt3a,91.37766006,0.007824472
Stt3b,51.63697444,0.010265541
Stub1,3.026794886,0.159701241
Stx12,208.0536227,0.011701061
Stx3,47.89530271,0.02941271
Stx7,132.4857259,0.010373615
Stx8,222.4506365,0.007183173
Stxbp2,112.2443229,0.00542577
Stxbp3,510.1094168,0.02427086
Styk1,70.83405303,0.024613507
Sub1,23.36849251,0.007180835
Sucla2,1295.823521,0.018466658
Suclg1,588.7224935,0.012059575
Suclg2,676.487306,0.004000672
Sugt1,112.2708556,0.00552243
Sult1b1,290.1740938,0.010730869
Sult1d1,66.82377111,0.005527976
Sult2b1,34.42222275,0.012296399
Sumf1,191.4530988,0.005762827
Sumo1,27.71050057,0.036203258
Sumo3,80.20191877,0.005186935
Supv3l1,125.5848563,0.008813991
Surf1,97.5177569,0.043540655
Surf4,198.8296007,0.035493226
Susd2,95.4893494,0.03332625
Svil,57.87464145,0.006358339
Syap1,152.7815484,0.007750999
Syf2,11.44965025,0.137084865
Syncrip,48.30565483,0.006922128
Syne2,20.16328991,0.034509112
Synpo,46.24688758,0.015402381
Taco1,872.0639355,0.008267055
Tagln,3768.308476,0.009566422
Tagln2,97.0349271,0.004924728
Taldo1,151.6261362,0.005774834
Tamm41,94.88898001,0.012764213
Taok3,37.45060255,0.007566122
Tap1,306.3814301,0.024479268
Tap2,186.4787517,0.022945354
Tapbp,43.66896333,0.006992468
Tapbpl,191.836677,0.018704047
Tardbp,1045.58992,0.018314417
Tars,46.37961725,0.005041806
Tars2,67.2134503,0.006349138
Tax1bp3,205.1396509,0.005174176
Tbc1d13,42.50562826,0.019183317
Tbc1d22a,97.05947922,0.014304834
Tbc1d23,97.74463793,0.009044166
Tbc1d30,95.82949683,0.02273
Tbca,69.75410185,0.009615227
Tbcb,72.9330046,0.424961948
Tbcd,61.2963149,0.011074877
Tbl1xr1,57.83906361,0.009910702
Tbl2,439.4878191,0.016234004
Tbrg4,90.31167295,0.015013698
Tbx3,95.55141409,0.022310607
Tcea1,137.5396032,0.005229358
Tceb1,117.2359645,0.004922034
Tceb2,18.13695147,0.009553877
Tcerg1,85.62333104,0.007788156
Tcof1,318.3564927,0.010198226
Tcp1,264.5809972,0.004074828
Tdrd7,36.76476158,0.019467541
Tecr,63.52877812,0.002097691
Tep1,73.01792993,0.004860658
Tes,36.63669567,0.018069483
Tfam,224.7097713,0.01366434
Tfrc,152.8776238,0.007803248
Tgm2,346.5238948,0.002839842
Tgoln1,96.25088253,0.008814815
Thbs1,95.04972083,0.018702941
Thnsl2,95.46202471,0.005607181
Thoc1,44.53499202,0.009911021
Thoc2,113.1455908,0.005354688
Thoc5,94.89201504,0.004685287
Thoc6,152.566942,0.009704434
Thop1,774.7596258,0.007383049
Thrap3,230.013229,0.013928529
Tial1,29.972213,0.007102889
Timm10,93.70143743,0.004584259
Timm13,40.82353906,0.014476231
Timm17b,97.27426254,0.012396696
Timm22,85.97017662,0.012450464
Timm44,373.8316815,0.011069619
Timm50,1216.650305,0.009355088
Timmdc1,48.70831715,0.020608589
Tiprl,63.57504431,0.009546705
Tjap1,97.27111988,0.006588172
Tjp1,270.9468644,0.025107056
Tjp2,95.8265534,0.005595898
Tjp3,22.06036677,0.009153214
Tkt,432.7197864,0.004331419
Tln1,99.50197281,0.011774658
Tm6sf2,246.4254137,0.012717688
Tm9sf1,118.7591323,0.006218224
Tm9sf2,92.73113768,0.012655806
Tm9sf3,23.12986705,0.005063732
Tm9sf4,119.7122582,0.007466474
Tmcc1,29.87898912,0.037705981
Tmco1,145.1541908,0.00438738
Tmed10,280.9721461,0.012643577
Tmed2,71.09271475,0.011233297
Tmed4,213.2717056,0.015873641
Tmed5,204.2583734,0.005512504
Tmed9,407.2318529,0.008090835
Tmem115,57.53391329,0.017314006
Tmem120a,34.40493275,0.020193305
Tmem126a,96.34839761,0.008051857
Tmem14c,80.86158023,0.017191853
Tmem165,28.25921335,0.123117065
Tmem19,170.9049871,0.009593772
Tmem205,126.1910128,0.010280897
Tmem214,98.41000441,0.005137305
Tmem236,143.2978483,0.017949254
Tmem253,302.5386384,0.009875362
Tmem258,30.39282079,0.059583955
Tmem30a,17.4141756,0.087625312
Tmem30b,83.48930524,0.018235434
Tmem33,55.72121872,0.017515017
Tmem41a,78.79318607,0.005606782
Tmem41b,168.7863116,0.011636348
Tmem43,96.05954266,0.017053373
Tmem45b,16.59160107,0.012010333
Tmf1,14.61088327,0.226801925
Tmod3,348.7640738,0.006103046
Tmpo,881.3198516,0.011750422
Tmprss15,95.2427529,0.016022446
Tmprss4,12.37253657,0.022500644
Tmsb4x,2.625166289,0.052609539
Tmtc3,13.73227304,0.001363352
Tmub1,68.51203806,0.008435708
Tmx1,374.6569706,0.009407646
Tmx3,164.4534319,0.005586737
Tnik,80.79226247,0.00771727
Tnks1bp1,98.57570825,0.011760965
Tnpo1,103.3994459,0.015971064
Tnpo2,96.39620453,0.008052195
Tom1l2,96.31609581,0.007948894
Tomm20,260.0087326,0.008468081
Tomm22,269.7888713,0.001960384
Tomm34,1912.77117,1.226777765
Tomm40,823.1509157,0.005142905
Tomm6,253.6791008,0.004666754
Tomm70a,275.7910905,0.013193457
Top1,34.10756075,0.005740595
Top2a,71.85479264,0.062585953
Top2b,67.78870244,0.017516538
Tor1a,80.45164816,0.036710629
Tor1aip2,141.0143673,0.012403416
Tpd52,219.6676785,0.006091297
Tpd52l2,148.0469032,0.003111315
Tpi1,210.6617594,0.007843582
Tpm1,33.896685,0.012119415
Tpm3,403.3384067,0.005411687
Tpm4,1539.461584,0.098666947
Tpp2,41.30369482,0.008202091
Tppp3,98.48845604,0.013937851
Tpr,107.031375,0.004255847
Tprn,88.83678454,0.011466219
Tpt1,9.074668829,0.007800993
Tra2a,8.41819381,0.063090161
Tra2b,88.29243716,0.016544566
Trabd,158.1676991,0.013751786
Tradd,172.3185657,0.01353128
Tram1,97.70342867,0.04569535
Trap1,1209.192425,0.009132526
Trappc3,193.718293,0.012388389
Trappc5,135.2279936,0.01536798
Treh,52.83080426,0.021565933
Trim12a,95.59462015,0.009338907
Trim14,88.07946315,0.011679933
Trim23,27.49378157,0.040697351
Trim25,32.26503896,0.017991496
Trim28,73.32813785,0.006322663
Trim31,89.36477404,0.003743633
Trip10,96.46618424,0.024116598
Trmt10c,96.28436715,0.028616529
Trmt112,46.70189714,0.016187908
Trmt1l,96.89719881,0.013548038
Trmu,88.92260078,0.015507577
Trpm4,61.16797143,0.023770222
Tsfm,1057.925913,0.005916323
Tsg101,21.63419039,0.017938478
Tsn,95.72474985,0.006579631
Tspan15,124.8797388,0.003489284
Tspan31,120.577845,0.014193855
Tspan8,357.0328739,0.006747254
Tstd3,97.72430097,0.009762956
Ttc38,52.88415838,0.004343109
Ttll12,117.4644742,0.007979367
Tuba1c,61.20189733,0.014589313
Tuba4a,361.7365798,0.016947641
Tubal3,38.88897001,0.01833815
Tubb2a,18.45644648,0.014446034
Tubb2b,65.07386245,0.117096593
Tubb4b,240.3208708,0.010853931
Tubb5,220.5134618,0.006478354
Tufm,2112.065756,0.009691487
Tvp23b,95.03973675,0.019858444
Twf1,127.7906335,0.002763144
Txndc12,204.7230115,0.008486544
Txndc15,62.95259122,0.009346145
Txndc17,95.83306324,0.004885909
Txnl1,125.8138919,0.004295859
Txnrd1,91.78967793,0.007306959
Txnrd2,34.90265374,0.00723271
Tymp,586.6085655,0.004775022
U2af1,54.78999719,0.006054207
U2af2,152.6785385,0.096695073
U2surp,68.63643438,0.00976434
Uaca,68.45472591,0.01954912
Uap1l1,87.35818816,0.023363588
Uba1,157.8432838,0.004102302
Uba2,17.05269104,0.001697149
Uba3,47.49718419,0.013175097
Uba5,36.88003421,0.016733823
Ubac2,85.72289444,0.01775752
Ubap2l,80.59301817,0.029912414
Ubb,138.1468515,0.011987686
Ube2d3,65.17374443,0.012404553
Ube2j1,142.5986877,0.031855596
Ube2k,65.45224057,0.002768976
Ube2l3,65.40445571,0.01409248
Ube2m,49.23516306,0.006942336
Ube2n,102.1118333,0.003716001
Ube2v1,98.21821645,0.009988283
Ube3a,146.9604539,0.002857308
Ube4a,97.13589461,0.072597559
Ubfd1,34.25425275,0.021168452
Ubqln1,85.54921328,0.006993351
Ubr2,46.58963935,0.12457849
Ubr4,6.591200648,0.008178193
Ubtf,56.06540111,0.014153219
Ubxn1,57.56087713,0.010260298
Ubxn4,70.12455051,0.006479946
Uchl3,53.33209107,0.002686314
Uchl5,136.6958898,0.004533331
Uckl1,55.74556059,0.054869244
Ufl1,59.17841481,0.014762537
Ufm1,66.60312898,0.008551534
Ufsp2,47.43554738,0.013686948
Ugdh,234.0300008,0.010425814
Uggt1,294.8141252,0.00677006
Ugp2,91.07437299,0.008447625
Ugt2a3,119.5477958,0.006842663
Unc45a,95.68667749,0.024673844
Unc5cl,99.51396339,0.006307077
Upf1,53.90746212,0.01135892
Upp1,263.5526687,0.015626076
Upp2,29.50597681,0.026869066
Uprt,221.5192832,0.008912834
Uqcr10,71.63326206,0.005338917
Uqcrb,530.2980188,0.010733049
Uqcrc1,766.4559603,0.018345994
Uqcrc2,893.1707276,0.01034793
Uqcrfs1,424.2825553,0.00825063
Uqcrh,69.70012412,0.007289298
Uqcrq,35.07392519,0.004224646
Urb1,61.66933317,0.013128159
Use1,43.44260946,0.019773792
Ush1c,136.8073817,0.016690997
Usmg5,102.8028257,0.006057768
Uso1,162.2993322,0.005969702
Usp10,45.23645786,0.010419233
Usp14,128.8289185,0.004759923
Usp15,57.12890162,0.004126411
Usp19,95.58678494,0.007524501
Usp39,51.46382884,0.016429683
Usp4,98.49015994,0.035570793
Usp47,13.50936038,0.012085233
Usp5,182.2407035,0.006354343
Usp7,26.73046907,0.016546731
Usp9x,34.53829418,0.006705604
Vac14,37.67055556,0.014490203
Vamp2,3082.809075,0.007778727
Vamp8,50.6636341,0.014871339
Vapa,228.0736449,0.018358947
Vapb,397.4497895,0.00788276
Vars,103.7042336,0.003264409
Vars2,43.74433373,0.024186406
Vasp,143.1923183,0.008050366
Vat1,266.2107771,0.006261751
Vbp1,68.12198404,0.008646614
Vcl,81.43149045,0.003856102
Vcp,181.6206918,0.004731886
Vcpip1,60.27400391,0.014108049
Vdac1,503.1843969,0.00628505
Vdac2,2216.919736,0.060515511
Vdac3,253.1738067,0.013167017
Vil1,506.4465428,0.005559988
Vimp,60.6466,0.011015345
Vipas39,96.669928,0.013044907
Vipr1,98.11369421,0.006444208
Vmp1,28.31372445,0.014422021
Vnn1,72.06201927,0.013636504
Vps26a,204.3933721,0.010024644
Vps29,44.47059661,0.004365563
Vps35,97.36646512,0.006081696
Vps36,37.08433296,0.022092322
Vps4b,36.01886353,0.014490407
Vps51,65.47537465,0.007636843
Vps52,98.22181191,0.005680291
Vrk1,80.67540537,0.014441151
Vrk3,102.0212548,0.019132201
Vsig10,9.4004189,0.15305811
Vti1a,209.8960124,0.013309372
Vti1b,383.9279898,0.017479965
Vwa5a,83.64219219,0.00279661
Vwa8,166.7128256,0.009564826
Wars2,104.1645048,0.006522895
Wasf2,53.01758504,0.007474667
Wbp11,30.73000096,0.035219607
Wdfy1,98.05584706,0.004824037
Wdr1,164.2413413,0.0051026
Wdr81,96.09985886,0.05827512
Wfs1,53.48268601,0.018656073
Wtap,30.19596387,0.020159125
Wwp2,95.52439457,0.030749807
Xdh,114.65165,0.016435635
Xpnpep1,262.3703852,0.003274745
Xpnpep2,92.57688535,0.008534915
Xpo1,217.7796547,0.045678397
Xpo7,34.85092533,0.007683621
Xrn2,16.07221554,0.005493164
Yars,104.9320171,0.001667113
Yars2,98.62499113,0.165869254
Ybx1,99.96349627,0.005734773
Ybx3,46.88677157,0.018772104
Yeats2,101.7664061,0.049538405
Yes1,77.25933553,0.019696876
Yif1a,49.71789187,0.008579515
Yipf3,117.3336034,0.028151926
Yipf5,99.60955892,0.010885492
Ykt6,81.1112503,0.005464352
Yme1l1,85.47481776,0.016367362
Ythdf3,44.91640079,0.010644138
Ywhab,45.53158894,0.000395956
Ywhae,176.0704917,0.002236418
Ywhag,162.2159023,0.004025195
Ywhah,165.5068617,0.006196112
Ywhaq,71.58377421,0.003424088
Ywhaz,346.3451669,0.002162908
Zadh2,491.3385157,0.006190364
Zbp1,78.53255083,0.009312803
Zc3h11a,25.81949832,0.009844033
Zc3h15,19.7593914,0.033817683
Zc3hav1,22.72843689,0.004425042
Zcchc6,27.32804821,0.266503109
Zcchc8,25.70315794,0.066591631
Zdhhc13,83.32146118,0.006805745
Zfand6,9.452555077,0.007123316
Zfyve1,97.60759275,0.008472799
Zmpste24,104.8364913,0.009637282
Znhit6,95.74030615,0.005378742
Zw10,61.793858,0.007964016
Zyx,59.6134069,0.007867996
Zzef1,14.58158298,0.007198948
