cell_id	tSNE_coordinate_1	tSNE_coordinate_2	zone
AAACCTGGTAAGTTCC	12.5183691014051	-16.7359353684725	V3
AAACGGGCACCAACCG	-3.61984233485389	-5.64261952276875	V5
AAACGGGTCACTGGGC	13.6228916310429	16.8280874110559	V1
AAAGATGGTGGACGAT	15.6530137238905	3.31150780541501	V2
AAAGATGGTTCGGGCT	6.75422002724962	20.7912559457639	V1
AAAGCAAAGCTGAAAT	-8.89104666946376	-0.883627501366874	V4
AAAGCAACATGGTCAT	20.0901252230359	14.9403475603301	V1
AAAGTAGGTTGTGGAG	15.318002766427	17.4777942298439	V1
AAATGCCAGACGCAAC	-17.3168078012039	-26.1098156647296	V6
AAATGCCAGAGCAATT	11.7488795081105	5.14088397413084	V2
AAATGCCTCATGGTCA	-10.3187128642651	-0.574358640815283	V4
AACACGTAGATGTGGC	9.68929812392817	-12.6026927037978	V4
AACACGTAGCAGGTCA	19.9087086682109	-15.3740631936107	V1
AACACGTAGGGTATCG	-3.97479014379914	19.3587330070241	Crypt
AACACGTGTTCCGTCT	11.8672670279553	4.57926678336613	V4
AACCGCGCAAGCGTAG	15.8050001278529	17.2020737782036	V1
AACCGCGCACATGGGA	-5.06055534497256	-16.7128863991249	V5
AACGTTGGTGCAGACA	11.8693791259218	-12.3546374480785	V4
AACTCAGGTCCGTCAG	-9.17659605987993	-19.776830280154	V6
AACTCAGTCACGGTTA	16.8629382311104	0.676913707553049	V2
AACTCAGTCGGCTACG	17.2986761793409	8.68445019937124	V1
AACTCAGTCGTAGGTT	-14.2643741598255	-1.52028108806518	V5
AACTCTTCAGATCTGT	5.98727675703039	-16.0384347769537	V4
AACTCTTTCTGCTGCT	13.7387863962029	-6.845369011876	V2
AACTGGTAGTGACTCT	-5.74644758494809	-21.6735116362556	V4
AACTGGTGTATTACCG	-8.14343101460375	-25.6695551625302	V4
AACTTTCCACACAGAG	21.8452200631687	-12.1380698531807	V2
AAGACCTAGGCGACAT	11.745913791801	20.9524405110736	V1
AAGACCTCACGAGGTA	20.4123102166799	-12.352830832103	V2
AAGACCTGTAAATACG	8.94030969765525	14.5536863205064	V1
AAGACCTGTATTCTCT	10.9270834808836	-16.8541309357356	V4
AAGACCTTCAGTGCAT	20.5502455571052	-0.225288893804493	V2
AAGCCGCCATGTCCTC	-2.55849392255434	-2.13903207628264	V4
AAGCCGCTCTTGTACT	-9.93850258235632	-13.7854669809974	V5
AAGGAGCCATGTAGTC	-12.3133156683932	-26.7667428954978	V6
AAGGCAGAGCCACGCT	4.01698495862369	-17.5888919886192	V4
AAGGTTCAGTGCTGCC	-8.44803123457968	30.8345724744434	Crypt
AAGGTTCCACATCCGG	-7.56204887665158	-13.7044481833128	V5
AAGGTTCTCTGGTGTA	-4.98936839312397	-2.61003699828461	V5
AAGTCTGAGAAACCGC	23.7231464602115	-8.64709626804153	V2
AAGTCTGTCTCAACTT	-10.5241969496763	17.4712490222322	Crypt
AATCCAGGTCTCCATC	8.44520198718188	-9.33942577495973	V4
AATCGGTAGACGCACA	-9.09194411913413	22.9140834963129	Crypt
AATCGGTCATCGACGC	22.5708263964636	-2.70866653713112	V2
ACACCAAAGAGGGCTT	-0.310284117751773	-6.64377124401064	V5
ACACCAAAGCGATAGC	19.105348727248	12.5109434520766	V1
ACACCAACACTGCCAG	-2.68668474932248	2.6400765285901	V5
ACACCAACATTACGAC	7.21777233382917	-7.96653088449327	V5
ACACCAAGTAAGGATT	-17.0914202410433	-15.6252801169829	V6
ACACCAAGTTCCCTTG	2.70378799748297	-22.87505365741	V5
ACACCAATCGTGGGAA	11.1880423986301	18.7572604707844	V1
ACACCAATCTCTAAGG	-6.61764709587576	-4.22208249907391	V5
ACACCCTCAATCTACG	-9.57013643714278	-23.2310388460084	V6
ACACCCTCAGGTCCAC	-5.77232431594917	18.6648447664359	Crypt
ACACCGGCACCGAAAG	-8.06509836185402	30.086576635512	Crypt
ACACCGGCACTGTCGG	-2.37273226757095	-1.32684322474087	V4
ACACTGACATCCGGGT	1.70276057464392	27.5720000549833	Crypt
ACACTGATCCTGCTTG	7.70223301305217	-15.3397133069307	V4
ACAGCCGCAATCCGAT	-10.3675126764843	-1.94584735171678	V5
ACATCAGGTACCATCA	-0.694420198760447	-23.1567471932625	V5
ACATGGTAGAGTAATC	-10.5251684694937	-25.7327517818554	V5
ACCAGTAGTCTCCCTA	6.27983245895764	31.1342316426608	Crypt
ACCAGTAGTGGTCTCG	9.33266667081489	-14.0428833967203	V4
ACCAGTAGTTTAAGCC	-8.82323604768957	-0.936567778055622	V5
ACCGTAATCACCGGGT	-12.4482960011464	3.84022297225515	V5
ACCGTAATCTCAAACG	17.3923127325606	-2.94032356551552	V3
ACGAGGAGTCTCGTTC	10.9499216585284	21.5337538225209	V1
ACGATACAGGAGTTGC	-11.0489249616124	20.483171688829	Crypt
ACGATGTGTCCGTTAA	18.4779806462663	-5.88026001486941	V2
ACGCAGCAGACTAGAT	14.3832900735529	-3.94283456858497	V2
ACGCAGCCATGCAATC	-7.66667981296776	19.5280755259761	Crypt
ACGCAGCTCGCTTAGA	-8.75621118227161	3.2864743511298	V4
ACGCCGATCAAACAAG	-14.1956027764821	-23.5589571764757	V6
ACGGAGAAGTACATGA	-11.3785339553668	-1.27784436890829	V5
ACGGCCAAGGCATGTG	15.469402522508	-19.1693619027005	V2
ACGGCCACAGGATCGA	11.648122079063	18.3346258764207	V1
ACGGGCTCAGACAGGT	4.01907199798827	20.6726013908428	Crypt
ACGGGCTGTGGCCCTA	-8.53825661548005	-4.82022159973442	V4
ACGGGCTTCTCTGAGA	9.04664700202472	-4.76822027282095	V4
ACGGGTCAGCTCCCAG	13.623098468628	-11.3481690420295	V4
ACGGGTCCAGTCGATT	-10.3160212442889	-2.75857501429692	V5
ACGGGTCGTGCACCAC	10.6138916066426	-16.4115249886891	V4
ACGGGTCTCGCGTAGC	14.2466603898134	15.6747948649577	V1
ACGTCAACATTACCTT	12.2805983865838	3.04611931284514	V4
ACTATCTCAGATCCAT	-18.5392284768301	-20.452423980945	V6
ACTATCTCATCTACGA	7.57274576023675	-14.9846660875192	V4
ACTATCTGTCTCTTTA	13.4337268683879	-1.34370116302022	V4
ACTGAACGTGGGTATG	-4.94100677629928	2.31108396646666	V4
ACTGAACTCGCCCTTA	-7.54514071088157	-4.19776349306068	V5
ACTGAGTAGTCCATAC	22.163688310716	7.58172099296678	V1
ACTGAGTGTGATGCCC	-13.6286253720756	18.6763368140475	Crypt
ACTGATGAGATGCCAG	-7.26900240302102	19.4241498796046	Crypt
ACTGATGTCCCTAACC	-17.9740005414837	-27.6410775372731	V6
ACTGATGTCGGCCGAT	15.3265766034723	16.0967749800576	V1
ACTGCTCAGGCTCAGA	0.0335436220271455	-21.4808527398045	V5
ACTGCTCTCAACACTG	-2.05723510094892	5.0475587956473	V4
ACTGTCCAGCCGTCGT	12.2223821981692	5.00722349352432	V4
ACTTACTAGCACACAG	11.0816956076117	-7.37634392989354	V4
ACTTGTTAGTGGCACA	-8.10388969818193	25.1232884669099	Crypt
ACTTGTTCAAGGTGTG	14.4947812888995	-2.68415375942511	V2
ACTTGTTTCCGTTGCT	14.1587352187575	7.17916834223181	V1
ACTTTCACACCCATTC	10.4658558106707	-3.19406358194875	V2
AGAATAGAGAACTGTA	-13.36190316105	16.2706131110997	Crypt
AGAATAGCAACGATCT	14.9957854595591	-12.9533441858295	V2
AGAATAGGTAGCCTAT	5.08919489633232	23.7264600727174	Crypt
AGACGTTGTCTCTTAT	-9.8794716156672	21.7793060207228	Crypt
AGACGTTGTGCAACGA	7.54470481305314	25.0607196311597	Crypt
AGACGTTTCAGAAATG	9.16152107784531	-11.2310934606496	V4
AGAGCGAAGTTAGCGG	-5.38399694846934	26.8159099622625	Crypt
AGAGCGATCTTGACGA	-16.3048637163839	-16.1112093231602	V6
AGAGCTTAGCGTTTAC	-9.62639581288481	24.9933328798488	Crypt
AGAGCTTCAGTAGAGC	-13.5984209636482	-22.4042945191907	V6
AGAGCTTGTGATGTCT	3.24685237738107	-20.5303375140311	V4
AGAGTGGAGACTTTCG	-3.29954152628692	-3.56626790591109	V4
AGAGTGGGTGCTTCTC	9.11926619892297	-10.8937115744304	V4
AGATCTGCATGTAAGA	14.9348403167263	7.95161824000151	V2
AGATTGCAGCTGAACG	7.49482768929111	-20.727917607707	V4
AGATTGCTCAAACCAC	-16.0537444606015	-26.1144221811012	V6
AGCAGCCAGACCCACC	1.81329500103315	25.7616841193688	Crypt
AGCAGCCCATACTCTT	-18.0427508249137	-20.7703134684188	V6
AGCAGCCCATTCTCAT	-12.1921395578441	22.366655705253	Crypt
AGCAGCCGTACAGACG	-1.32126316710606	27.2039457287736	Crypt
AGCATACTCGTACGGC	5.76440152901868	25.1541869609133	Crypt
AGCCTAAGTAATTGGA	-1.69408591257813	0.372115130121201	V6
AGCGGTCTCACATGCA	-12.298512795071	22.8111804049114	Crypt
AGCGTCGGTAGTACCT	2.33648579737053	-12.6675683543761	V4
AGCTCCTCAGCCAGAA	10.1134487293242	-2.30462086574837	V3
AGCTCCTGTTGAGGTG	-5.22476348525239	23.0594912653862	Crypt
AGCTTGAGTTCCCTTG	-17.6314862122652	-20.9299436051632	V6
AGGCCACAGACACGAC	21.7966342072407	4.15056663835876	V1
AGGCCACGTATAAACG	14.9542626711147	15.1237061622965	V1
AGGCCACGTTTGGCGC	15.7046462640011	-2.15436634206052	V2
AGGCCGTCAAGCGTAG	-17.661964423848	-22.8417415962742	V6
AGGCCGTCATGTCGAT	24.2960777429719	-8.93352861499943	V2
AGGCCGTTCAAACCAC	4.07342665669288	-20.1933138984321	V4
AGGGAGTTCACCTTAT	2.64173503169954	-5.70727625700573	V4
AGGGATGAGCGTTCCG	12.1154157435975	-3.69599964841455	V2
AGGGATGGTTGGTAAA	13.1175908327002	-11.3570662553366	V4
AGGGATGTCCTATGTT	3.943587056469	26.9045597597009	Crypt
AGGGATGTCGCCCTTA	-5.77298244422727	-5.44685664402029	V4
AGGGTGACATCCGGGT	-11.3664281452745	21.2514644624715	Crypt
AGGGTGAGTTTGTTGG	13.6917351117868	-16.3521468232342	V2
AGGTCATTCAGCTCGG	16.0715343532915	13.33240143033	V1
AGGTCATTCCTTAATC	-10.6576382001369	17.7468199144928	Crypt
AGGTCATTCTCATTCA	-17.8397824823486	-16.8485163396093	V6
AGTAGTCAGCTAGGCA	-14.4725527880173	-15.0327364173222	V6
AGTAGTCCACATGGGA	-12.1396838495504	-22.0082378272111	V6
AGTAGTCGTGATGCCC	3.55753165893361	-16.2947759122327	V5
AGTAGTCTCGCCAAAT	-9.48945952123976	19.010184440092	Crypt
AGTCTTTGTGTTCGAT	5.24301513781766	-19.0865043281723	V5
AGTCTTTTCACAAACC	3.69592732374961	-12.9010767987233	V4
AGTGAGGAGAGGTACC	12.3663294841537	13.4095119218959	V1
AGTGAGGAGCTGAAAT	-4.69625951450251	-1.66933502437894	V5
AGTGAGGCATCGATGT	20.9263056038643	-6.54183194672035	V2
AGTGAGGTCACCTTAT	6.5784802010263	-7.03712446122201	V4
AGTGAGGTCACGATGT	22.0943223063613	1.7832720515237	V2
AGTGGGATCTCGCTTG	7.83755431124682	14.887139216694	V1
AGTGGGATCTTGTTTG	4.64935471134542	-15.8917654238715	V4
ATAACGCAGAAGATTC	-8.28525486245452	0.838279354774355	V4
ATAAGAGGTGCACTTA	18.0134209958853	2.10672956608613	V2
ATAAGAGGTTGCGTTA	-12.0893622624574	22.4598325485454	Crypt
ATAGACCCAATAACGA	-12.185740344294	3.27998704313918	V5
ATAGACCCACACAGAG	-8.26869592837089	21.1458337395341	Crypt
ATAGACCGTCCATGAT	-17.146010630076	-17.4228049661974	V6
ATCACGACATACTCTT	0.624158957651159	-17.4996747368269	V4
ATCACGAGTTATGTGC	-7.23930175037771	-2.21156811311888	V5
ATCACGATCAAGGTAA	1.4699101932056	-22.2750678020718	V5
ATCATCTAGCATGGCA	-17.3102430550219	-27.9891980400075	V6
ATCATCTAGGGAACGG	22.9839430917437	0.617929000846097	V1
ATCATCTCACTCGACG	-11.0699467144689	0.457777782500694	V5
ATCCACCGTAACGACG	1.68957488957812	26.3526121752711	Crypt
ATCCACCTCACTATTC	-4.9909314971712	-12.7967012356839	V5
ATCCGAAAGGAACTGC	10.6731242823575	-6.11461527142892	V3
ATCCGAACAGGCAGTA	8.01048239329803	-19.5493843218124	V4
ATCCGAAGTCCGAGTC	-15.1767361334867	-16.3687631229108	V6
ATCGAGTAGCGTCAAG	8.04592574407893	-19.5121620781031	V4
ATCGAGTCATTTGCCC	-11.6730719432631	4.16228692854362	V5
ATCGAGTGTTCGCTAA	-9.40144461673682	2.48026299082707	V4
ATCTACTAGCGTTGCC	-5.05419800053669	-2.74526343957903	V4
ATCTACTGTTACTGAC	1.92313474540401	26.3328477117078	Crypt
ATCTGCCGTTCCGTCT	17.1136571053529	3.6472708163554	V2
ATGCGATCAAAGGTGC	-17.9590401987625	-22.3037164473105	V6
ATGCGATTCTACCTGC	4.97133489078178	-10.7111907039101	V4
ATGCGATTCTTGACGA	-2.64314281078967	27.3639152354135	Crypt
ATGGGAGGTATAGGGC	20.5208565001994	-12.5744505586604	V4
ATTACTCTCCAAGCCG	11.9902464123451	-13.0373220394256	V3
ATTATCCAGGGCATGT	17.7426647799481	-5.91081039133979	V1
ATTATCCAGTATCTCG	15.101743273543	8.11387065563004	V1
ATTCTACAGCCCGAAA	-14.3431841944398	-26.0531060561556	V6
ATTCTACCACATGACT	-8.84647851303329	28.0609614324829	Crypt
ATTGGACCATTGCGGC	-2.59646948319163	2.74846110604495	V5
ATTGGACTCAAAGACA	-7.36166591627765	19.7289807401478	Crypt
ATTTCTGAGACAGGCT	-10.8369877034643	1.84360276625005	V4
ATTTCTGGTAGCGTAG	1.43232564582172	-22.3879834091739	V5
ATTTCTGTCAAACGGG	-17.251585588792	-22.0110865539726	V6
CAACCAACAATCTGCA	0.68381461497099	-21.4075350290726	V5
CAACCTCAGTTCCACA	-4.59130274268735	28.2482587630969	Crypt
CAACCTCGTTGGACCC	22.3351517408778	1.24411365105082	V1
CAACCTCTCCTTTACA	-13.0652895398709	21.0118636372766	Crypt
CAACTAGAGGCCCTCA	-11.8606651155259	-14.935412502682	V6
CAAGAAAGTGTGAAAT	19.9141023000043	-15.2924294515211	V1
CAAGGCCAGTGCTGCC	-7.90802429564548	-15.8772288371916	V5
CAAGGCCCACCTCGGA	-15.1828520443581	-24.3594789846417	V6
CAAGGCCTCAGTTGAC	8.35930796678355	29.8730543752156	Crypt
CAAGTTGCACAGGTTT	7.61668985843468	-19.3400892002394	V4
CAAGTTGCACCGAAAG	12.8506949734541	6.13073813864786	V2
CAAGTTGCAGACGCCT	22.0473531033275	-14.1725830572099	V3
CAAGTTGGTCCGAACC	-9.4586167423777	26.3849530996783	Crypt
CACAAACAGTACGACG	9.4164575380657	29.1048453880369	V1
CACAAACGTTCCAACA	-10.2286431437214	-24.975140299417	V6
CACACCTAGGCTCAGA	6.77583634153058	26.1172993091856	Crypt
CACACCTCATAACCTG	-12.0635148579487	0.0310814815685647	V5
CACACCTGTCTACCTC	19.7494293318018	-13.7329891235921	V3
CACACTCCACGGATAG	11.272620832098	-0.873906751503857	V4
CACACTCGTCTTCGTC	-17.0865008237471	-20.6344338913628	V6
CACAGTATCCCATTAT	-7.34614849346985	-21.9808844001014	V5
CACAGTATCGGAAACG	-8.75274335127972	-22.6262970220438	V6
CACAGTATCTCAAACG	-11.5307148060762	-13.6627520222162	V6
CACATTTGTCACTTCC	21.335263338043	5.34023601481636	V1
CACATTTTCCCATTTA	3.71419208271669	-12.8719241662147	V4
CACCACTCAAAGTGCG	-5.14785168948986	22.8828189440815	Crypt
CACCTTGAGGATTCGG	13.5173815725678	2.94773974071893	V2
CACCTTGCAACTGCGC	-2.14518138488556	-8.03321752921975	V5
CACTCCAAGTCATGCT	8.49601452098245	-13.4668150035019	V4
CACTCCAAGTGTTTGC	5.66925157107762	25.4958754156086	Crypt
CAGAATCGTTGCGCAC	-7.42723169342123	-5.84905902988106	V5
CAGAGAGAGTAAGTAC	-8.46069146543255	30.6971895682455	Crypt
CAGAGAGGTAATCACC	-9.62649549767632	-22.3103011704723	V5
CAGAGAGGTCATATGC	15.5252040866907	18.9971064780365	V1
CAGATCACATCGATTG	11.6055144715047	2.68915308507757	V4
CAGATCAGTCAACATC	-2.11967245692946	5.43828516451292	V2
CAGATCATCTTTCCTC	-18.1392705863562	-28.099033659275	V6
CAGCAGCCACCTTGTC	12.4887361967562	-16.0780381939853	V3
CAGCAGCGTCGCATCG	-2.95362753931652	27.371205728928	Crypt
CAGCAGCGTTAGGGTG	-4.07079589355928	-15.720060784055	V5
CAGCAGCTCACCCGAG	22.1383123778421	-7.51887544974066	V3
CAGCTAAAGCTGCAAG	5.62514304508467	24.3447163842744	Crypt
CAGCTGGCAATGTTGC	8.27821847947462	22.723845449601	V1
CAGCTGGCACAGACTT	10.1347743791302	-14.2224378006314	V4
CAGCTGGGTCGTCTTC	-16.1546596138684	-14.8735099188952	V6
CAGGTGCAGCCCAGCT	5.84061302312532	-11.8534843600571	V3
CAGGTGCGTAAAGGAG	-6.70831945538807	-1.8449765958299	V4
CAGTCCTAGGTAAACT	-8.68836974831038	28.5841478858545	Crypt
CAGTCCTTCGCAAACT	17.8371160446657	2.18605599148132	V1
CATATGGAGCGATCCC	-0.370334502574063	27.0285479196105	Crypt
CATATGGGTATATGAG	21.456396660686	1.36921601882996	V2
CATATTCGTCTTTCAT	15.7900255842611	4.182045779447	V1
CATATTCTCAACGAAA	-13.6626514956966	18.4524685757579	Crypt
CATCAAGCAATAAGCA	-2.56780340990251	6.03716381807207	V2
CATCAAGGTACCATCA	9.13986849840216	-15.4391248359854	V4
CATCAAGTCAACACAC	5.23714348816736	-13.5037250167205	V5
CATCAGATCCGGGTGT	1.04017612093938	-22.3169040579523	V5
CATCGAAAGATGCCTT	-18.0308269603865	-26.1040151484794	V6
CATCGAACAGTGGGAT	-12.6663866396614	-26.7873294146144	V6
CATCGAATCCGCGTTT	-8.77131146332826	-24.784270114186	V5
CATCGGGAGCCACGCT	8.43298748797068	25.5588465603986	V1
CATCGGGCAAGACGTG	-4.77650659802739	2.93651197104344	V4
CATGACAAGACGCAAC	14.5504954534605	-0.74719044758825	V2
CATGACACACCGATAT	7.66385141130349	15.4717548684493	V1
CATGCCTCAACTTGAC	17.4434386345392	6.12615567105072	V1
CATGCCTGTCGGCACT	-14.8580038722633	-21.515610538352	V6
CATGGCGTCGGAATCT	9.22100254285995	-18.4738188091641	V5
CATTATCCACTAAGTC	20.3878644680952	-11.4462380347826	V4
CATTATCCACTCAGGC	13.5246047642435	-0.553010589641968	V3
CATTATCGTAGGACAC	6.91133425650467	31.3013371193982	Crypt
CATTCGCAGGAATTAC	21.6727434696187	-1.17700891473357	V2
CCAATCCGTTCGTTGA	11.2646508588022	17.2591775637768	V1
CCAATCCTCCTTAATC	16.3793752085857	12.0367910454678	V1
CCAATCCTCGATGAGG	-7.42365424382094	-15.5686479633244	V5
CCAATCCTCTCCGGTT	-8.00991507115163	-14.564236230746	V5
CCACCTAAGAGCTTCT	9.42355287686865	-19.8777136824628	V4
CCACCTAAGATCCCAT	1.87043209358627	27.3401599753948	Crypt
CCACCTACACAAGCCC	13.9952687388746	-2.59057073261351	V3
CCACCTACACGACTCG	-3.82487755825914	-8.92640862523186	V5
CCACCTAGTCTCCCTA	-14.4050439033038	-23.0715719986127	V6
CCACGGAAGTGTACTC	5.11634347416843	-16.5552862601288	V4
CCAGCGAAGTAGCGGT	10.3368631533369	18.1447991612174	V1
CCAGCGAAGTTCGCGC	16.2238090364175	12.2740693683558	V1
CCAGCGACATTCTCAT	15.9268020336053	-7.62256259116517	V4
CCATTCGGTCGCGAAA	9.97517897822863	-11.8781444415245	V4
CCATTCGTCACCACCT	8.49678360538616	-19.7035537463341	V4
CCCAGTTTCACATACG	9.38001725135571	-13.3967493837894	V4
CCCAGTTTCATTGCGA	-4.78117489639301	19.324715050949	Crypt
CCCATACCAATCACAC	-0.921711320844223	-7.00932506760182	V5
CCCATACCATCGGAAG	-9.80573938144998	2.12097394643884	V4
CCCATACTCCTGCAGG	-10.8715554595281	1.79977207941258	V5
CCCTCCTCAGATCCAT	-18.4964646084584	-27.279019456283	V6
CCCTCCTGTTAAGATG	-8.35853831522221	21.4375555921398	Crypt
CCCTCCTTCAGCATGT	9.08829196030051	-11.3079993460487	V2
CCGGTAGCAGGGCATA	-9.66734574314214	-12.0356205118979	V5
CCGGTAGGTTAAGATG	11.9853346299721	4.78240350284234	V2
CCGTACTCATCACGAT	15.1378368109546	-13.0347899753391	V2
CCGTACTGTGGCGAAT	-3.93099958239463	-15.4463528623814	V5
CCGTGGAGTCGAGTTT	-18.4754421393825	-27.0398339221251	V6
CCGTTCAAGGTTCCTA	8.23127258255081	-8.62035261609776	V4
CCGTTCAGTCAACATC	12.1683298808039	20.257825573387	V1
CCGTTCATCGCAGGCT	2.43370451698587	26.596540670525	Crypt
CCTACACAGAAACCGC	19.8016199633357	-1.28944878191116	V2
CCTACACAGCGATTCT	17.3229257395655	4.8015963230341	V2
CCTACACGTCGAACAG	-4.51121247587979	-1.46969405271086	V4
CCTACACGTTCCCTTG	-4.71602863109307	27.5464738416692	Crypt
CCTACCAAGTCCTCCT	-18.9750842735693	-26.7924904525956	V6
CCTATTAAGTGAACAT	-11.7531587750685	18.5633158649867	Crypt
CCTATTAAGTGTCCCG	-0.000389022949059515	-22.04663585797	V5
CCTATTAGTCTAGCGC	-8.54058069640729	26.8098195507883	Crypt
CCTATTATCGGTTCGG	11.9006526608818	-5.87299384571567	V3
CCTCAGTCACCTCGTT	20.8330373949866	16.8961515322922	V1
CCTCAGTCAGCCAGAA	15.3485107583793	15.1874607874293	V1
CCTCAGTTCATGTCCC	-5.13512572482496	-7.56830605959008	V5
CCTCTGAAGTGTACTC	-16.5352292520671	-15.5089548704004	V6
CCTTCCCTCCAATGGT	-9.27279237678034	4.41740854956813	V4
CCTTTCTGTTCCACTC	15.9125166758915	15.2630187762814	V1
CCTTTCTGTTGGTAAA	-16.5192103410155	-21.0047332153441	V6
CCTTTCTTCTCACATT	-15.9535205351026	-25.3276745730635	V6
CGAACATAGTCCCACG	8.80568915488568	23.6143189949031	Crypt
CGAACATCAAGCCATT	-7.3294104808038	24.3364192860449	Crypt
CGAATGTAGCTGCGAA	-14.3404785792487	-15.2936614015499	V6
CGAATGTCAGTACACT	-9.17463289000339	-17.3997102867642	V6
CGAATGTCATCTACGA	-17.4002209754295	-27.8650741825185	V6
CGACCTTCACTGTCGG	-6.67246581984576	26.1749616802969	Crypt
CGACTTCAGTTACCCA	7.23729775078347	1.0109903086319	V2
CGACTTCGTCCTAGCG	16.5045449424961	11.1094545690027	V1
CGAGAAGAGCGTTCCG	-6.75695207007487	29.2794315935529	Crypt
CGAGAAGCAAGGTTTC	-3.22056958085612	5.11581980951977	V3
CGAGAAGGTTCTCATT	-12.5728750625122	22.2604359813011	Crypt
CGAGCACCACATGGGA	11.0940381369007	16.1939056170382	V1
CGAGCCACAGTAAGCG	3.95446988648894	-13.6296889255375	V4
CGATCGGCAGTGGAGT	9.87000387804089	21.6065169390488	V1
CGATCGGGTAAAGGAG	12.302883004666	-1.99964754736505	V4
CGATCGGTCCTACAGA	23.6504231409614	-10.7137976961213	V2
CGATGGCTCAATCTCT	7.72346300667508	-7.56869530393363	V4
CGATGTAAGCTCCTTC	10.9431099189847	14.8875934036693	V1
CGATGTATCAACACAC	16.2131872326609	5.33600833832679	V1
CGATTGAAGCCAGTTT	19.0145198879384	11.1925401514078	V2
CGCGGTACAGCGATCC	-12.9802766016475	0.924510816827231	V4
CGCGGTAGTATGAATG	22.8049710218721	12.5624349046525	V1
CGCGGTAGTTCTCATT	15.6479059176456	4.35204100719706	V2
CGCTATCCACGTCAGC	13.3855375003919	-0.556988958909851	V2
CGCTTCATCCTTTCTC	17.6298238004	-11.0265489094145	V4
CGGACACCACATGGGA	-13.7553581932375	1.28166894738077	V5
CGGACACCAGCTATTG	8.47741411876103	-0.570803048522963	V2
CGGACGTGTAAATACG	18.5959496415793	-3.74918407843368	V2
CGGACTGCAGATGGCA	-7.65693782463483	29.4979035756738	Crypt
CGGACTGTCAGGCCCA	15.7828025518592	16.2942838243853	V1
CGGAGTCCAGCTGTGC	-13.1295960951253	21.0984572355733	Crypt
CGGAGTCCAGGACCCT	17.9427769656682	-12.9874800260281	V4
CGGCTAGTCCTTTCTC	-14.8782908655139	-20.4964194767897	V6
CGGGTCAGTATAGGTA	14.654896388149	3.57033190649169	V2
CGGTTAACATACGCCG	9.0072738000517	-9.26655074709967	V4
CGGTTAACATTAACCG	9.3360366361665	-5.37610931467255	V2
CGGTTAATCTTCGGTC	15.9683928335305	-2.38691655005474	V2
CGTAGCGAGGATCGCA	13.9711398666027	3.40651825008305	V3
CGTAGCGAGTTTGCGT	23.5314537105386	-0.992220075559615	V2
CGTAGCGGTGGCAAAC	24.1764286157774	-4.00824427210942	V2
CGTAGCGTCTTGTCAT	6.61169029134679	-21.7768004975314	V4
CGTAGGCAGAGGTACC	-21.0716207889308	-20.541013077372	V5
CGTAGGCCAGTATAAG	-15.5503425405576	-21.8919438197608	V6
CGTAGGCGTCGAACAG	12.7828461682729	19.7453005039197	V1
CGTAGGCTCAAACCAC	8.3184982832778	17.1199392272371	V1
CGTCACTTCAGCCTAA	21.6275235738572	-9.12402724351263	V2
CGTCCATAGTCGAGTG	22.8028868598235	0.538600226073094	V1
CGTCTACAGATACACA	21.826051471132	-6.72807010119675	V3
CGTGAGCAGGGATGGG	-7.04837556527873	0.879825211826401	V4
CGTGTCTGTAAGTAGT	21.4864368127794	2.18466113658056	V2
CGTGTCTGTTGGAGGT	12.203246048105	-11.8602261403573	V4
CGTGTCTGTTGTCTTT	20.8486070112889	16.7555894435857	V1
CGTTAGATCTATCCCG	-18.0377694363339	-19.4509034392278	V6
CTAACTTAGAGGACGG	-4.87802217842417	29.7103671483055	Crypt
CTAAGACCAGATCGGA	-2.04821780149494	-7.71896628004966	V5
CTAAGACCATATGGTC	1.70531799711041	-19.2669818541612	V5
CTACACCCAAGTCATC	21.3563706333724	-14.2227582066357	V2
CTACACCGTATAGGTA	-13.8864715611475	0.177866089337253	V5
CTACATTGTGACGGTA	12.0519700627985	10.6161922748264	V1
CTACATTTCATGCTCC	19.0661545131899	-7.0472633660889	V4
CTACATTTCGGTTAAC	-18.8478973069854	8.6998292075414	V3
CTACCCAAGTGTTAGA	-8.60480506020997	21.4013185028939	Crypt
CTACGTCCATCCTAGA	-8.80402372072518	-21.1827885661427	V5
CTACGTCCATTTGCTT	9.3491574307194	13.5952406224679	V1
CTACGTCTCACCACCT	20.7361156475998	16.0432552619943	V1
CTAGAGTAGTCGTACT	16.0923027188981	18.0013999872216	V1
CTAGTGACAACACGCC	-3.58524792838931	-8.27844311592265	V4
CTAGTGACATTCGACA	-9.10561150123213	22.9775117866354	Crypt
CTAGTGAGTTCACCTC	-8.86980248313279	-25.5155503714681	V5
CTAGTGAGTTTCCACC	-5.74959543759704	-18.61417350445	V5
CTCACACGTAAATGAC	-3.46707188930966	-14.1000504129293	V5
CTCACACGTCTCACCT	-9.23089557814723	2.78907795889589	V4
CTCAGAACACCCAGTG	5.24644022018194	-19.121543231912	V5
CTCATTAAGTGGGTTG	8.99582928312372	28.7313272470172	Crypt
CTCCTAGGTTTGGCGC	3.87045946147785	23.3481104138052	Crypt
CTCGAGGAGAATTGTG	8.99615504181972	23.0459075891298	V1
CTCGAGGCATTGGGCC	21.85103451462	-13.9821850315485	V4
CTCGGGACATCGACGC	18.0893408527294	-14.0403239399957	V4
CTCGTACGTACCTACA	-7.43602431495632	-0.93897471651932	V5
CTCGTACTCAATCACG	-8.04410153496769	26.6047764093827	Crypt
CTCGTACTCGATCCCT	8.30101544200739	30.204671937266	Crypt
CTCGTCAAGGAATTAC	-9.28250599384877	15.5344149131504	V1
CTCGTCAGTTAGATGA	-5.55944474091222	18.7021272770743	Crypt
CTCTAATCAGTATGCT	-7.09207556722368	-14.5804419821616	V5
CTCTAATCAGTTTACG	-5.24620520094441	-2.72178687712799	V5
CTCTAATGTGATGATA	9.14508729066653	-8.69931564462761	V4
CTCTACGCAAAGGTGC	21.2070216461853	15.5015788389696	V1
CTCTACGTCAAGATCC	24.2942264877616	-0.847700761911895	V2
CTGAAGTGTGTGCCTG	22.6488827522236	12.5721325453575	V1
CTGATAGCAGACAGGT	-8.85216100741756	29.9413767455433	Crypt
CTGATCCCACGACGAA	12.7683349327933	-9.30169146140483	V3
CTGATCCCATCCCATC	8.21288160420121	-5.84870026734647	V4
CTGATCCGTACGAAAT	-7.63852056717354	-6.45387161118273	V5
CTGATCCGTGCCTGCA	-9.56359777867122	-20.0270567388469	V6
CTGATCCTCGTGGACC	6.01598560449287	25.8126635659378	Crypt
CTGCCTAAGATGCGAC	8.29292960619246	29.978437801284	Crypt
CTGCTGTGTCCAGTGC	-9.88758253310612	-4.08220501555008	V5
CTGCTGTGTTCGTCTC	9.5247876877149	-12.4191802468852	V4
CTGCTGTTCAGTCCCT	-7.87343255255464	20.3781726265297	Crypt
CTGCTGTTCCACGAAT	13.7926433108317	-1.44706494967384	V2
CTGGTCTTCAGCACAT	-8.44431272487037	-7.22338325515503	V5
CTGTGCTCAATGGAAT	11.8980691452515	-4.83660670905764	V2
CTGTGCTTCCTCAACC	-9.46281508009091	-11.7954354157658	V5
CTGTTTAAGATAGTCA	-4.38120424975328	-6.67541723069957	V4
CTGTTTACAGGGCATA	-0.534946439058203	27.1420181545217	Crypt
CTTAACTAGATGTCGG	7.92463035543283	-4.16095116916765	V2
CTTAACTCATGAGCGA	-12.6584053505955	-23.0273560595988	V6
CTTAACTGTTACTGAC	13.6960165935895	19.4442624018494	V1
CTTAACTGTTCGCGAC	11.7688537645961	23.7859194316366	V1
CTTACCGGTCAGAAGC	2.83344828375608	26.1144723968946	Crypt
CTTAGGACACCCATTC	-17.4568920846101	-25.5709402942293	V6
CTTCTCTAGCTCCTCT	11.42067978583	-11.7529038275886	V4
CTTCTCTCAGCTGTAT	7.6348754664923	25.5737189329857	Crypt
CTTCTCTGTCATATCG	6.50512524602396	-19.0620690737151	V4
CTTGGCTAGGAGTTGC	3.51433632220869	-17.6883333456349	V4
GAAACTCGTGAAATCA	5.06513610494137	-18.7645096936267	V4
GAAATGAGTACAGACG	-15.6872226247103	-13.9523068780719	V6
GAAATGAGTTATCCGA	-3.29423869674084	-7.82052880085248	V6
GAACCTATCGCGGATC	-17.1214117648739	-18.7506644087744	V6
GAACGGACATATGAGA	17.1172250476464	9.6664022335935	V1
GAACGGAGTCCCGACA	-10.2466151547972	17.9758140780589	Crypt
GAACGGATCCTGTAGA	3.91347660628985	-17.0005917619638	V5
GAAGCAGGTACAGTTC	16.1875211829172	-1.41281660274554	V2
GAAGCAGTCGGTTCGG	3.04118372077302	-21.0779984741842	V5
GAATAAGCAGACAAAT	-13.1193358365301	-25.3945775671675	V6
GAATAAGGTTGATTGC	-7.05286732973197	28.6524791887177	Crypt
GAATAAGTCAGCGACC	-17.5450168656114	-18.8823986595701	V6
GAATGAAGTCCGTTAA	3.56729929238203	23.4150799661341	Crypt
GACACGCTCAACGAAA	-10.6281759740438	25.5752645055146	Crypt
GACAGAGAGGTGACCA	-3.84946229434002	19.496642846654	Crypt
GACCAATGTTTAGGAA	10.25314723562	-8.10363870906535	V4
GACGTTACAGTTTACG	13.2984484701391	-14.0685083074124	V3
GACGTTAGTGTTGGGA	19.8685098421998	14.1293309188246	V1
GACTAACTCTGAAAGA	9.82184648299673	-4.93201882200301	V4
GAGGTGACAACTGCTA	14.2469397874634	-2.16683010731854	V2
GAGTCCGCAATGGAAT	-4.14334278427554	4.5234362596569	V4
GATCAGTAGTCAATAG	8.20812592271652	-6.01874714781854	V2
GATCAGTCAATCGGTT	14.4535243019955	12.701312042126	V1
GATCAGTGTAGTGAAT	-18.1172403086954	-26.9018667272782	V6
GATCGATTCGTTTGCC	-7.99517268098644	-18.3573590395533	V5
GATCGCGTCCCAAGAT	-14.5149041618946	-14.4196072182765	V6
GATCGTACATCCGGGT	12.8072946175538	-11.5903820507592	V3
GATCGTAGTGGTGTAG	9.66001222436851	17.3061206940025	V1
GATCTAGCAAAGCGGT	-18.9781673778713	-22.190386149357	V6
GATCTAGGTAAGAGGA	8.13106066649271	14.7391029585922	V1
GATGAAACACGCATCG	-7.10957468298302	-16.361428327105	V6
GATGAAAGTCAATGTC	9.0624707397103	13.8581582251364	V1
GATGAGGCAGCCTTGG	-17.9846790527657	-26.0689064069268	V6
GATGAGGGTCTTCAAG	-6.92122900407448	-5.69107354482546	V4
GATGAGGTCATTTGGG	11.9403796132277	-8.62585054341693	V4
GATGCTAGTACTCAAC	9.5772622992473	21.7667198090403	V1
GATTCAGCACTTACGA	1.05095476829328	26.3308387895247	Crypt
GATTCAGTCACTTACT	19.5446344995789	-0.285351301166896	V2
GCAAACTCAATGCCAT	-2.03910887495546	2.78953143400265	V4
GCAAACTGTCACACGC	7.79963305410835	15.3646095864252	V1
GCAATCAAGATCCTGT	13.2287045684108	-12.3989998733233	V3
GCACTCTAGGTGATTA	-12.43623061703	1.3717042035618	V5
GCACTCTCAGCCAATT	-7.10223924554175	19.8241990897137	Crypt
GCACTCTGTGAAAGAG	20.0246326638448	-4.40908115477002	V2
GCACTCTTCCATGAAC	-8.32788088933003	-0.219307562344254	V4
GCACTCTTCCTTGCCA	20.8262289551368	-14.5008377868485	V3
GCAGCCAGTTAAGACA	17.7592803893384	10.4052413693467	V1
GCAGTTAGTCTTGCGG	11.3934704635292	-10.287707802833	V4
GCATGATAGAAGGACA	7.77704033605724	16.4064801347039	V1
GCATGATCAAGCGATG	2.00966893262516	-13.1326299131302	V2
GCATGATGTTAAGACA	-5.9524210086394	-1.1268804889875	V4
GCATGTATCACCGTAA	14.8698005433079	15.0644309383475	V1
GCATGTATCCCTGACT	10.0445315408993	-12.0753790824224	V4
GCCAAATAGTGCTGCC	-11.1100885472155	-24.2954014969287	V6
GCCAAATCAGCCACCA	12.5769115470599	3.0421430561669	V3
GCCAAATGTCAGATAA	-16.707823218585	-18.8169004513246	V6
GCCAAATTCACGAAGG	1.09542944826824	-7.26684259187833	V4
GCCAAATTCCGTACAA	-13.2994590638816	19.1488039684111	Crypt
GCCAAATTCGGCCGAT	22.2555711191246	1.83397163151215	V2
GCCAAATTCTAACTTC	12.2470505681792	-14.7202097171433	V4
GCCTCTAAGCGAGAAA	20.9728991546053	-2.13085196719278	V3
GCGACCACACGCATCG	-9.41470758311806	-7.4917193988632	V5
GCGACCACATTCTCAT	8.22431531199836	-5.38533786390188	V4
GCGACCAGTAACGCGA	5.25390727572961	-9.91116542220477	V5
GCGAGAACACACGCTG	7.30144639488877	-6.9318118590066	V4
GCGAGAACACATCTTT	-8.33528853186162	-5.42777595235812	V5
GCGCAACTCCTCAATT	-12.3210625903046	-24.808928993946	V6
GCGCAGTAGCTACCGC	9.58408392625195	18.6777568011803	V1
GCGCAGTCATTGGGCC	-8.50550351027528	-18.6154567252696	V5
GCGCAGTTCTCCAACC	7.20523711001949	-20.6215106716553	V4
GCGCGATAGCGTTTAC	-7.72969769491712	-14.6918341361536	V5
GCGGGTTAGACTAGGC	18.6520410990171	9.18344018870846	V2
GCGGGTTGTACGACCC	-8.39806920228808	2.21425618177267	V3
GCTCTGTGTAGTAGTA	-10.0567347854345	-0.642747876349043	V5
GCTCTGTGTCGGATCC	22.8808121427282	-10.9191462893678	V2
GCTCTGTTCATCGGAT	-14.7268632907758	1.63785862115671	V6
GCTGCTTGTTATGCGT	-11.3870863699541	-12.936715256478	V5
GCTGGGTTCACTTATC	3.48309968959899	-18.3288807909327	V4
GCTTCCAAGAGTACAT	19.1407447997929	12.7606637858326	V2
GGAACTTAGATCACGG	13.9111892584538	-2.50851996269708	V4
GGAACTTAGTGTACTC	6.16138160470103	27.0999479564798	Crypt
GGAACTTCACAGCCCA	6.80349565558857	19.0783855308262	V1
GGACAAGAGCTCCTTC	15.2176033939516	-9.89600445194091	V4
GGACAAGTCATGCAAC	-13.3769112047558	-22.298492568051	V6
GGACAAGTCATGTAGC	-5.83844523068635	-3.54419164297356	V4
GGACAAGTCTACTCAT	-12.0456201929033	0.171370027327838	V5
GGACAGAAGGAGTACC	12.3664568049197	-14.6617115826838	V4
GGACAGACAGGGCATA	15.8188305413001	12.8630635175973	V1
GGACAGAGTCCATCCT	-0.0894642403281521	27.0112407763864	Crypt
GGACAGAGTGCAGACA	7.25003467557285	1.14120332053343	V4
GGACATTAGCAGACTG	-9.13562337669102	22.1001597929948	Crypt
GGACGTCAGCCTATGT	6.24688984045204	23.4141871363363	Crypt
GGACGTCTCATGTAGC	12.3321780775428	19.730987005789	V1
GGACGTCTCCCAACGG	6.70937217953648	-22.1855888634594	V3
GGAGCAACAGGGCATA	-9.88351625891807	-13.1726925702261	V5
GGAGCAACATTACGAC	10.0656621376863	-3.1254314581638	V4
GGAGCAAGTAGAAAGG	-8.20163824369388	23.3390470945376	Crypt
GGATGTTGTTATGCGT	13.4566584482676	-3.88366390920477	V4
GGATTACAGCGCCTCA	22.4144923065483	-2.17244618480741	V1
GGATTACGTTATTCTC	8.98724281686342	-9.06705764452533	V4
GGATTACTCGCATGAT	8.84073016177529	29.0066480188892	Crypt
GGATTACTCTACTCAT	17.4818453928225	4.9309216218348	V1
GGCAATTGTATTAGCC	10.329465521744	-5.93134914643177	V4
GGCCGATAGCCATCGC	11.2932691996724	21.8221839288605	V1
GGCGTGTAGAGTACCG	-16.3794783522252	-26.2879774476926	V5
GGCGTGTGTGTATGGG	5.61057285658872	-12.1028599019443	V4
GGCTCGAAGTGAATTG	-10.4962584402056	24.1119491068302	Crypt
GGCTCGATCCACGACG	19.8319380398962	-7.1491876233008	V3
GGCTGGTGTTTAGCTG	20.2270650781311	-10.6534526124398	V4
GGCTGGTTCATCATTC	-13.5278187504278	-20.2222333486989	V6
GGGACCTTCGCACTCT	17.484031133993	-6.52101398519888	V2
GGGAGATTCAATCACG	-2.45559333450284	-4.6537009737796	V5
GGGAGATTCACTTACT	-17.9592681624838	-16.6911825684808	V6
GGGATGAAGGCTAGGT	-17.3763433861524	-26.5100769239348	V6
GGGATGATCAATAAGG	-13.6667182768058	-26.490255281592	V6
GGGATGATCGGTTAAC	-8.47852067241216	5.02423267323611	V4
GGGCACTCACACTGCG	-6.95110866356737	2.20261379566999	V4
GGGCATCAGAGTGACC	-13.2054289124332	21.5520963488729	Crypt
GGGCATCAGTGTCTCA	-3.49977165608405	-4.07391438188149	V4
GGGCATCTCATCGATG	-7.50612826919286	22.9818992756238	Crypt
GGGCATCTCTCTTGAT	13.5909033324865	-11.9689757917549	V2
GGGTTGCGTAAATGAC	-8.66886961292151	-10.4453742338268	V1
GGGTTGCGTCTAGAGG	-7.347323655657	18.968517043491	Crypt
GGGTTGCGTCTAGCCG	-7.19895286193974	30.4568502536845	Crypt
GGTATTGAGAGCCCAA	-11.5414741417027	20.2605365404195	Crypt
GGTATTGGTCTTCGTC	-0.733560601331042	-7.19602752362154	V4
GGTATTGTCTGTCCGT	-9.87946983997001	22.5631889286378	Crypt
GGTGAAGAGACAGGCT	-12.5052132213461	2.90790900638169	V4
GGTGAAGAGTGCAAGC	-0.522941358240868	-8.96974192494494	V4
GGTGCGTCACCGGAAA	-2.56998354842976	-5.22796703897431	V5
GGTGCGTTCACCGTAA	-6.42500827644445	-20.0939713278314	V5
GGTGTTAGTCCAACTA	-6.22561386401641	-15.599195202068	V5
GTAACGTTCAGGTTCA	-8.08565552616833	0.824507145032734	V4
GTACGTACATCGGACC	14.3775959617861	1.12449674150954	V2
GTACTCCGTACCATCA	4.5845090473034	-14.4860343090593	V5
GTAGTCAGTAAGTGTA	11.1658541291215	-6.1189648243231	V3
GTATCTTAGTGGAGTC	23.2657362771775	-10.2642776250594	V2
GTATCTTGTTGATTCG	14.8840861422459	-9.37368001807857	V4
GTATTCTGTATAATGG	-0.828752376290776	25.1848585741713	Crypt
GTCAAGTCAGGCTGAA	-9.16707539748382	4.55233042155621	V4
GTCAAGTCATAGGATA	-17.8399108586716	-21.6102121869151	V6
GTCACAAGTAAGTGGC	-8.25954171489899	-18.0381949265001	V6
GTCACGGCAGCTGTGC	20.112487002713	15.6771434604588	V1
GTCACGGCAGCTTAAC	16.0369186988817	-5.04098081316164	V4
GTCATTTCAAGTAATG	-10.3330433189311	-23.9774682830734	V5
GTCATTTTCTCCAACC	8.43011185022573	20.9957445329117	V1
GTCCTCATCAATAAGG	-6.79379764499814	-6.32577101213965	V4
GTCGGGTTCATCACCC	2.14380917273404	-14.2037528454428	V4
GTCGTAACAAGCCTAT	9.17736655330233	-6.93334175332978	V4
GTCGTAACAGGTCCAC	-7.09710089977376	-17.1682833825043	V5
GTCGTAAGTCGCTTTC	12.8513881721025	14.4228103066987	V1
GTCTCGTTCGACAGCC	-17.7433953382433	-28.1044930337932	V6
GTCTTCGTCAACACAC	-10.0968883973788	29.5618744793948	Crypt
GTGAAGGAGTCGCCGT	-14.8081123288051	-1.29203414594946	V5
GTGAAGGCACCGAAAG	20.1590237898129	-1.49601199762393	V3
GTGAAGGGTGGCGAAT	-6.7863462244771	-4.95528585830917	V5
GTGAAGGGTTAAGGGC	-3.95175174231492	27.814983028322	Crypt
GTGCAGCCAATAGAGT	1.13294343053354	-23.1743135724548	V5
GTGCAGCCACTTAAGC	14.6842621479795	19.5904348385364	V1
GTGGGTCGTAGCTGCC	3.02642009171054	-19.4644323327798	V4
GTGGGTCGTGTTCTTT	12.0604276485362	10.6120340833194	V1
GTGGGTCGTTAGAACA	12.068743396901	-0.707751868218675	V4
GTGTGCGGTCTTCAAG	-2.29551909624264	25.9916946092283	Crypt
GTGTTAGCAAGCCCAC	-11.2863188735502	-1.25586161373625	V5
GTGTTAGCAGTATAAG	21.9923849917648	-8.4409537329764	V2
GTTACAGCATCCAACA	19.2608750401172	11.6191139536844	V1
GTTCATTCACGAGAGT	-10.5470509483626	24.2695174218228	Crypt
GTTCGGGCAAACCCAT	-16.1180660627152	-17.8772776328503	V6
GTTTCTAGTCTCTTAT	2.19523998340437	-13.5423907215587	V3
TAAACCGGTCGCATAT	18.677967456922	-0.532721659482824	V4
TAAGAGAAGAGTCGGT	25.1197807981318	-3.89666904762008	V1
TAAGAGACACCGGAAA	14.5787578479258	4.89115683400286	V2
TAAGAGAGTCTAGTCA	-7.63927594190456	-5.97923513775126	V4
TAAGCGTGTACCCAAT	11.0365329123227	16.410633901246	V1
TAAGTGCAGATATGCA	15.834579654887	3.02245603006983	V2
TAAGTGCAGCGTCAAG	-6.05882162384819	-18.5686950541417	V5
TAAGTGCAGGGAAACA	13.2757433020082	-1.14646001541931	V4
TACACGACAGCTGTAT	10.2906771312479	-12.0753347135584	V3
TACAGTGAGAATCTCC	14.3331319660582	20.3742262122616	V1
TACAGTGTCCCTCAGT	9.72637427168605	-15.7854943516642	V4
TACCTATCAGCCTTTC	-13.5116145923486	19.7709075159091	Crypt
TACCTTATCAACGCTA	4.90509781514753	23.7500469387214	Crypt
TACGGGCGTAACGTTC	-5.77579980037861	-17.9696372353284	V4
TACGGTACACAACGCC	7.69834893819144	-21.6645146530685	V4
TACGGTACAGATCTGT	-7.21959714989256	19.3368153372937	Crypt
TACGGTAGTATTACCG	19.6357279684175	-10.9943591729369	V2
TACGGTAGTGTTCGAT	4.74733054978102	-25.1836585499622	V4
TACGGTATCGCAAACT	-4.93906322133131	-14.7057190198655	V5
TACTCATCAACGATGG	8.04284851034384	22.048376439585	V1
TACTCGCTCCTAGAAC	15.2677261412399	18.2133368432187	V1
TACTTACCATGCCCGA	2.25393290647724	-13.2911790982973	V3
TACTTACGTGTGTGCC	0.133836418052955	-20.4755496941698	V4
TACTTACGTGTTAAGA	-17.3155615449201	-26.064037625739	V6
TACTTGTAGCAATATG	-9.86923416016113	2.8929491099768	V4
TACTTGTCAAAGAATC	16.6638709332666	-10.7654849245914	V4
TACTTGTGTTCTGAAC	-16.3474138188356	-27.9633982528137	V6
TAGAGCTCACTATCTT	12.4885340672766	-13.0231735546383	V2
TAGAGCTTCCGAGCCA	12.2469276341105	1.66978397439177	V2
TAGAGCTTCCGCTGTT	6.84498816836228	25.0404401090378	Crypt
TAGCCGGCAGCCTGTG	16.8087290768241	12.3335326596665	V1
TAGCCGGGTCGTCTTC	-10.200098933129	-22.2548589177707	V5
TAGGCATTCATATCGG	-17.2587267446686	-20.486281018331	V6
TAGTTGGAGTTCGATC	-8.90288311335073	-4.08813509276772	V5
TATGCCCAGTGTACCT	-5.5822118114885	-16.2872940606164	V5
TATGCCCCAGCTCGCA	9.98918012568325	-6.97085449782233	V4
TATGCCCGTTCCGGCA	20.5761733670043	-1.46121884183254	V2
TATTACCAGGATGGAA	-13.0180689128249	-1.65378401476594	V5
TATTACCTCGCTTGTC	-5.46438929815628	-18.5097565566578	V5
TCAACGAAGAGCCTAG	21.5613035875694	-10.3606700208757	V3
TCAATCTGTTCGCTAA	-11.2542130711225	-24.7669194990717	V6
TCACAAGAGATATACG	-10.7697912050007	19.1833158618733	Crypt
TCACAAGGTCCTCCAT	-10.7430906340114	17.3917980899337	Crypt
TCACGAATCGTCCGTT	13.4550115741178	3.7532546052377	V3
TCAGATGGTTATCCGA	-4.56190508446224	-16.1100961327131	V4
TCAGATGTCCGCAAGC	23.1674071828862	-0.887667287606148	V2
TCAGGATGTCGCATCG	11.2079219062668	18.9618503859247	V1
TCAGGTACACTTAACG	17.7207059466265	-11.8735192928824	V3
TCAGGTACAGGCTCAC	4.23867759835405	24.1832907606637	Crypt
TCAGGTACATATACCG	8.66593974008482	-9.16265887821078	V4
TCATTACGTTGGTGGA	14.0029686227306	-16.4957715079775	V2
TCATTACTCCCAACGG	0.204540211332034	-6.44333776144216	V3
TCATTACTCCCGGATG	-1.36801604939083	-23.1299078630691	V5
TCATTACTCCTAGGGC	-10.3301634537085	4.16227342844616	V4
TCATTTGTCATGTCTT	3.64128600846849	-15.0474808454587	V4
TCCACACGTTAAGACA	13.0694172188563	14.9080931183943	V1
TCCACACTCAGGCAAG	-7.97195138607168	2.71067932451302	V4
TCCCGATGTTCGCTAA	-10.6444123744288	-12.8206478413987	V5
TCGCGAGAGCCAGTAG	21.5081965842154	12.9184766433471	V1
TCGCGAGCAGTGACAG	-12.9665125826198	-22.5436537525305	V6
TCGCGAGTCAGGATCT	-13.7479087136994	-13.7865630545676	V6
TCGGGACAGCCAGTAG	-8.29083301830166	-5.63589580660518	V5
TCGGGACAGCTGATAA	-4.09819837159329	28.8002018363796	Crypt
TCGGTAAAGGTGATTA	-9.31962592553938	-17.4025056927716	V6
TCGGTAACAGGCTGAA	16.6081969015424	4.12705141934844	V2
TCGTACCGTAAATGAC	13.7864594492851	16.6060482016107	V1
TCGTACCTCAGCAACT	10.529620500668	22.0723176574639	V1
TCGTAGAAGTGATCGG	18.7082999205455	1.41135810274	V2
TCGTAGACAAAGCGGT	-13.5539434504595	9.79235432756701	Crypt
TCTATTGAGTGTCCAT	-16.4047473771308	-18.3519561245645	V6
TCTATTGTCACTCTTA	-4.45216625726469	-7.63901073257938	V4
TCTCATAAGCACCGCT	19.369375915796	12.3871912264964	V1
TCTCTAAAGAGGACGG	12.0845782919001	-0.59604982162625	V4
TCTCTAAAGTCAATAG	-17.2201125755799	-22.2380181213407	V6
TCTGAGACATCACGTA	11.2563016787061	24.6936456034632	Crypt
TCTGGAATCGCCTGTT	11.0144128686795	2.09507919954441	V3
TCTTTCCAGACTACAA	-16.3757329203427	-22.0003319085354	V6
TCTTTCCGTAGCTTGT	-6.59306788670778	-4.29875227449693	V4
TCTTTCCGTGTGACGA	-16.5344551033424	-18.9198381912112	V6
TGAAAGAAGTGGGATC	10.6589264641496	-0.989330199503012	V4
TGAAAGACACTACAGT	-1.76820944456078	2.93598660795925	V4
TGAAAGAGTTGATTCG	-1.48737576795721	-16.333599674834	V4
TGACGGCAGATGGGTC	17.0590179455534	1.70103657856827	V2
TGACGGCCAATCCAAC	15.8122419997215	3.83215460266596	V2
TGACTAGGTCAATGTC	-9.51591326033932	4.35981565841724	V5
TGACTAGTCTGTGCAA	10.0661975097467	-18.7763100231121	V4
TGACTTTAGAATGTGT	-8.81253409374161	-13.1184791205088	V5
TGACTTTCAATCGGTT	16.4739857168925	-9.4193390259919	V3
TGAGAGGGTTAAGATG	15.684261565909	7.72567891135668	V1
TGAGCCGAGCACCGCT	11.3302739151572	-14.3047851078194	V2
TGAGGGAGTCTCAACA	24.6783697220349	-3.33999311899497	V2
TGAGGGAGTTCGTGAT	-4.81490189297262	-12.3995920113195	V5
TGCACCTAGCGTTTAC	-15.3927127662598	-14.6852604500645	V6
TGCACCTCATGAAGTA	10.1487391827289	21.1141235310859	V1
TGCACCTGTTTGTGTG	2.3647809089339	-15.2642601805452	V2
TGCCAAAGTTGGAGGT	6.07509672519599	26.3722483115792	Crypt
TGCCCATCACAGTCGC	-11.4710819648413	-16.5046368830698	V6
TGCCCATCAGGCAGTA	-7.03896756958882	3.88026125002335	V4
TGCCCTAAGGAGTTTA	17.6600789332793	-2.77302902396413	V2
TGCCCTACAGGCAGTA	-8.62087564012013	-23.846623494735	V6
TGCGCAGCAGGTGCCT	-9.36293608796696	-5.15021591534656	V5
TGCGCAGGTTGTACAC	-4.27424693706642	-7.25632157141958	V4
TGCGCAGTCGGTTAAC	15.3407946209454	-11.652770978353	V4
TGCGGGTCACCACCAG	-8.63648415552859	-3.81927040782714	V5
TGCGTGGAGTTGTAGA	-1.82462595470361	-0.124059923232369	V4
TGCGTGGGTCAGAGGT	-3.2909045639693	27.2360984910419	Crypt
TGCTACCAGGGAACGG	13.1464663997629	-6.68681561477635	V2
TGCTACCCAAGGACTG	20.0458070767305	-1.1401177566468	V2
TGCTGCTAGTACACCT	-10.5450753374695	18.5196121369162	Crypt
TGCTGCTCAGTGGAGT	6.94287662257602	19.6338521971008	V2
TGCTGCTCATACAGCT	-9.42677935308646	-4.72923636863716	V4
TGCTGCTGTGTGGTTT	19.7612006864909	-1.3404978010986	V2
TGGACGCAGCCATCGC	-1.13866271269289	-16.3695130539708	V5
TGGACGCTCTGTCTAT	-5.13369957672687	22.78248107999	Crypt
TGGCCAGTCACCAGGC	16.3151052259126	10.3023860620287	V1
TGGCCAGTCGTTACGA	16.8927311401708	-10.2909457815643	V3
TGGCGCAAGGCGATAC	16.4503108525074	13.5506534323133	V1
TGGCGCACAGCTGCTG	-16.8893710536232	-15.150553064835	V6
TGGCGCATCCGCGGTA	9.25749630642291	-20.8254332238176	V5
TGGCTGGAGAGGACGG	7.92553985348214	22.1267844337989	V1
TGGCTGGTCCACGTGG	1.22955189961735	-23.0201357135102	V4
TGGGAAGAGTGGGATC	-9.10549552549177	2.52616959205362	V4
TGGGAAGCAAATCCGT	-14.6131998018505	-25.9361618088225	V6
TGGGAAGGTACTCTCC	17.4969926332119	9.6287038239406	V1
TGGGAAGGTTCCATGA	11.0226268937439	19.0815730152388	V1
TGGGCGTAGCATCATC	3.46199674055403	-20.3102983422188	V4
TGGGCGTGTCGCGTGT	23.7751787712713	-10.5765225902484	V2
TGGGCGTTCAAGAAGT	17.504628379395	12.7406118301921	V1
TGGTTAGGTCAAACTC	21.1164390090067	5.08344919248941	V1
TGGTTCCAGATAGTCA	18.5661470758297	-9.06732812846277	V3
TGGTTCCTCGCATGGC	-10.1190123673849	-16.5319019252143	V6
TGTATTCAGGGTTTCT	-10.4066178317291	20.3497508366292	Crypt
TGTATTCGTCACCTAA	-5.24449226958137	3.28046695937227	V1
TGTATTCGTTCCGTCT	9.7778387154249	17.2092049096201	V1
TGTCCCAAGTAGCCGA	6.07079524856056	23.9411402568398	Crypt
TGTGGTATCTGACCTC	-6.88548827066261	25.8977505420004	Crypt
TGTTCCGAGAGTCGGT	-8.77899310465124	-0.935262563080211	V5
TGTTCCGCAAAGGTGC	20.8451282307379	14.035480812042	V1
TGTTCCGGTTTGTGTG	-15.7659850167953	-15.4747010556395	V6
TTAGGCAGTATGGTTC	-0.504250705069076	-7.58172374845133	V5
TTAGTTCAGGATCGCA	-4.00145110161589	4.18451340885219	V4
TTAGTTCAGTACCGGA	2.02345681467014	-15.982659056831	V4
TTAGTTCCACACATGT	4.94439289669893	-14.8268150740446	V4
TTAGTTCTCTGTCTAT	-8.95904689979777	-14.2495357435993	V5
TTATGCTCATGCCTTC	-3.25926331782068	-7.60861967504407	V5
TTATGCTGTCCGAGTC	-14.6645845764344	-21.9314548313842	V6
TTATGCTTCCTTTCGG	5.40292535986014	-13.6426000802261	V4
TTCCCAGAGGCTACGA	-13.295016310572	0.42641060951439	V5
TTCCCAGGTAAGTTCC	10.1339519356323	23.9666548072501	V1
TTCCCAGGTCCAGTAT	-6.86495393474197	-3.05834485779341	V4
TTCGAAGCACGGCTAC	-18.7230675329795	-28.4638540084836	V6
TTCGAAGCAGCCTTGG	9.51578765786165	23.7278448204289	V1
TTCGAAGCATAAAGGT	5.28194476446982	-15.4742569902596	V5
TTCGAAGGTAATTGGA	15.5482103755733	-5.1606968262618	V2
TTCGGTCAGGACCACA	-8.74328389448204	-5.574782279397	V5
TTCGGTCCACCGAATT	-6.51736875049879	-22.3493287334959	V5
TTCTACACAGACAAAT	-5.697532880942	-16.2688265492817	V5
TTCTACAGTATCTGCA	23.0255470037061	-3.35634871826331	V2
TTCTCAAAGGATATAC	-18.1081839310923	-18.7439992034543	V6
TTCTCAAAGTGAAGTT	-9.83662687817099	18.1185004533942	Crypt
TTCTCCTAGAGAACAG	22.2297373255842	-10.1895529051579	V2
TTCTCCTGTAAGGATT	-10.3810379001207	26.3596568412299	Crypt
TTCTTAGGTCTCGTTC	-18.6442527640359	-25.4333200359294	V6
TTGAACGTCAATACCG	14.8907532275083	8.5533278012366	V1
TTGACTTAGAAGGCCT	2.62595349587356	-14.9194477931647	V4
TTGACTTGTCTAGCCG	-3.77377845714839	27.0895179833339	Crypt
TTGACTTGTCTCTCTG	-10.7288709062834	19.6992820115808	Crypt
TTGACTTTCCGCAGTG	13.2930893519391	-6.81327880532282	V2
TTGCCGTCAATGGAAT	19.075577604768	-2.84687134967756	V2
TTGCCGTCAGTCTTCC	14.0283759609926	-0.640673710266268	V2
TTGCCGTCATAGGATA	14.6109434013744	-6.32379442018572	V3
TTGCGTCAGGATTCGG	23.5715112073922	11.3701180031839	V1
TTGCGTCTCCTTAATC	-0.554056074171144	-16.5448505450302	V4
TTGCGTCTCGTGACAT	13.9079013512811	18.2352062820848	V1
TTGGAACAGGATTCGG	22.0371046557671	-8.84782083083535	V4
TTGGAACTCTAAGCCA	16.2781794178689	-10.422782876063	V3
TTGGCAATCCAAATGC	-10.1441154847032	3.91892570401078	V4
TTGGCAATCCGAACGC	18.8175453136159	-7.91934933163032	V2
TTGTAGGTCCCTAATT	-8.09269859850732	-18.6111061031654	V6
TTGTAGGTCGGTCCGA	-12.3914522571263	-0.504415685573289	V5
TTTACTGGTAGAGCTG	-7.87229271124737	18.8595562270159	Crypt
TTTATGCTCCTCCTAG	-10.4029965544229	3.88937230710891	V4
TTTGGTTCACCGAAAG	17.0247340087225	-5.06830797481107	V1
TTTGGTTCAGACTCGC	-7.18455969985379	-17.7038432381769	V5
TTTGTCATCCTTTCGG	22.7705620260662	12.7976884948924	V1
AAACCTGCAGCAGTTT	9.20100395744777	-13.2892860752667	V4
AAACCTGTCCGTACAA	12.286391685699	-16.5843992856212	V2
AACACGTTCCTAGTGA	-4.26568748394198	26.1110457838996	Crypt
AACCATGGTAGAGTGC	-10.4512182401131	-23.4952001240547	V6
AACCGCGAGCGGATCA	2.0972103323673	-9.21418040748726	V4
AACCGCGTCAAGATCC	24.3649913691988	-3.65993030339092	V2
AACGTTGGTTTGACTG	21.73931668828	-1.95677961233756	V2
AACTCAGAGTTCGCAT	-18.0948734236918	-19.9893167383127	V6
AACTCAGCAAGGACTG	22.5370200064454	-2.47608918715307	V1
AACTCCCAGATGTGTA	12.0129647108888	20.9447985912936	V1
AACTCCCCAGTGACAG	20.2839118196951	-8.35076718809416	V2
AACTCTTAGAGCAATT	16.4968944672838	-0.499540805181854	V2
AAGACCTAGACTAAGT	-7.77195851684216	26.5377392530487	Crypt
AAGACCTGTAGGCTGA	11.1322702134217	-0.857016920335224	V3
AAGGAGCCATGGGAAC	-11.1877246808945	0.196992027388336	V5
AAGGAGCGTAGTACCT	23.5629293918024	-9.14623807067438	V2
AAGGAGCTCTGCGACG	-14.2244661712811	-15.6150057612848	V5
AATCCAGGTACCGCTG	21.8812841395165	-14.0320163913872	V4
AATCCAGGTCATCGGC	11.977539877392	-8.49427260441628	V4
AATCCAGGTTGCCTCT	15.1992227066138	-10.5275705584864	V3
ACACCGGAGAGCTTCT	10.9660036753083	19.1493867113	V1
ACACCGGCAAGAAAGG	9.13474833430908	18.4046931897568	V1
ACATCAGAGTGAAGTT	-13.0900372908846	-23.9152819430294	V6
ACATCAGTCACTGGGC	5.1424529103586	-11.4181295094639	V4
ACATCAGTCTGCTGTC	18.3798480970663	-11.2332531020531	V4
ACCAGTACAAGCCATT	21.1945949713817	5.71995954551481	V1
ACCCACTCAGGCAGTA	-7.37694563145958	3.2771470214379	V4
ACCGTAAAGTCACGCC	-9.0341706192001	16.4365973786742	Crypt
ACCTTTATCCGAACGC	-13.8534873258094	-17.023876055815	V6
ACGAGCCCAAGTCATC	7.2978191578725	25.829132281643	Crypt
ACGAGCCCACGTTGGC	-11.1917877463357	21.0143519274992	Crypt
ACGAGCCGTGTAAGTA	-8.06741700502727	2.77401195483453	V4
ACGAGGACAGTTCCCT	9.80434437987333	-17.5309440046399	V4
ACGATACCACGGCGTT	12.240595471631	-11.5944404569131	V4
ACGATACTCCTCATTA	-13.779791731263	-16.8305590242921	V5
ACGATGTCAAGGTTCT	-14.5287979913568	-14.8351862162677	V6
ACGATGTTCCAAGTAC	1.07093063885027	-5.48188297309064	V4
ACGCCAGCAGTTCCCT	-4.92770357148626	29.6368357586331	Crypt
ACGCCAGTCGCAAGCC	9.53632226117848	-18.4434253799259	V4
ACGCCAGTCGTCACGG	23.9678306273413	-1.36062970508077	V1
ACGCCAGTCGTCTGAA	18.3134367658729	-13.7750674109285	V2
ACGGCCATCGCCAAAT	2.18692355257732	-9.22622111142238	V4
ACGGGCTCAAATTGCC	9.34492226970376	-5.52839114551235	V4
ACGGGTCAGGGAACGG	6.88878142139475	-17.3272792678812	V4
ACGGGTCTCCTTCAAT	-7.60776606884143	28.8344541513089	Crypt
ACTATCTTCTGCAAGT	-9.28450329900418	24.4727511367924	Crypt
ACTGAACCAGCAGTTT	-0.398088061298309	-16.4664796505942	V4
ACTGAGTAGTCTTGCA	12.3466077500936	17.1536914621358	V1
ACTGAGTCAAGCTGGA	-13.8120434147766	-16.9757442245901	V6
ACTGAGTGTACCTACA	15.6320649677507	16.7491941727584	V1
ACTGATGTCACATAGC	-3.94126233964798	25.8688672408166	Crypt
ACTGCTCAGTGAATTG	-3.60904594441434	-6.14343326545766	V4
ACTGCTCCAAAGGCGT	9.16460623507751	19.6414387270252	V1
ACTGTCCAGGGTTCCC	-7.29824185460307	-1.07358128089841	V4
ACTTACTTCAGATAAG	12.0686697611516	-4.84428959396853	V2
ACTTACTTCCGAACGC	13.0888517475409	-12.7925950275913	V3
ACTTACTTCTCCAGGG	-0.765551397739976	-2.4759408527579	V5
ACTTGTTAGACAATAC	-14.2267156309538	-1.18264487954937	V5
AGAATAGGTAGGAGTC	14.0273853354764	6.97513873872509	V2
AGACGTTTCTTCCTTC	-4.87443563615511	-1.46225973186142	V5
AGAGCGACACAGACTT	23.2006541455327	-0.943844386318762	V2
AGAGCTTCACATCCAA	-11.725687987734	16.1008754873109	Crypt
AGAGCTTGTCTACCTC	15.4941790392596	-19.190329398527	V2
AGAGTGGCAATCAGAA	6.33833942124212	-6.47435897203462	V4
AGAGTGGGTCAGAAGC	15.9533646884972	4.50040868277159	V2
AGATCTGGTGCACGAA	14.4501811175168	-6.18704471093507	V3
AGATTGCAGGATGGAA	-0.908574186253172	-15.7124076451988	V4
AGATTGCCACGTAAGG	5.52133576761562	-17.0823253634057	V5
AGCAGCCCAGTAAGCG	7.75472561232108	-21.321130735243	V4
AGCAGCCCATGCTGGC	-10.9058840663452	-22.9220553040069	V5
AGCATACGTAATCGTC	7.9430385091461	14.6654467132733	V1
AGCCTAAGTAGCGCTC	-13.3459410065849	-1.77154623157436	V5
AGCGGTCGTTAAAGTG	6.21099905378455	-22.3054763281274	V4
AGCGGTCTCATGGTCA	-3.56285190203413	2.31393617634532	V4
AGCTCTCGTCGCATCG	20.6687448603011	17.2354825191967	V1
AGCTTGAGTCTGCAAT	9.27579576795991	-4.46726708238155	V4
AGGCCACTCTGTTGAG	8.08460732326908	29.3585665442984	Crypt
AGGCCGTAGCTGAACG	-9.18974506951359	4.08486325911087	V5
AGGCCGTGTCTTGTCC	-17.3962012244192	-22.4976126894561	V6
AGGGAGTCAGTATAAG	23.5895030557471	-2.44073343143405	V2
AGGGATGAGTCGTTTG	-8.09929653939909	22.4123872620238	Crypt
AGGGTGAAGAAACGAG	8.70164405781684	-12.868378751667	V4
AGGTCCGAGGCTAGCA	-12.202882941837	-24.5436592499753	V6
AGGTCCGGTTATTCTC	-7.68693574520355	-15.0540218660197	V5
AGTAGTCAGACGCACA	-9.92426194394271	19.5625731792831	Crypt
AGTAGTCCACTTACGA	-2.67241384012318	2.82488952418392	V4
AGTCTTTTCCTAAGTG	20.3446071874861	-6.60964849271139	V2
AGTCTTTTCTATGTGG	17.6244554289162	-0.460649732330313	V3
AGTGAGGTCGAACTGT	20.3478343985453	-8.47145491623955	V2
AGTGGGATCAGAGCTT	6.96136443584995	-13.003031799689	V4
AGTTGGTCACCGAATT	17.9703739873237	-6.55220054803428	V2
AGTTGGTTCCGTCATC	-7.84436882595637	-17.1225931028242	V5
ATAAGAGTCACTCTTA	7.14043839311007	21.0529214988103	V1
ATCACGAGTACCGCTG	15.2107109226184	10.8943520938476	V2
ATCACGATCCGTTGCT	17.8018752855133	-9.74672418116121	V4
ATCCACCGTACCCAAT	8.77588796751179	-15.0005115233934	V4
ATCCGAACAAGCGAGT	-4.2625687441424	-14.0003475134424	V5
ATCGAGTAGAACTCGG	-9.50877853276243	25.4035360420133	Crypt
ATCTACTCATTCGACA	4.96429950027689	-22.8859506602523	V4
ATCTGCCAGGCACATG	-6.21979698686895	-20.5429480914468	V6
ATCTGCCTCCGCGGTA	-9.51886924569259	16.611815991433	Crypt
ATGCGATAGCGGATCA	-2.12108606721902	-6.97926901183808	V4
ATGTGTGAGTTAAGTG	16.3125891516455	-6.62925909341803	V2
ATGTGTGCAAACTGCT	13.6605966472642	2.54432152019596	V2
ATGTGTGTCTTCCTTC	22.9577905168733	11.4768226675917	V1
ATTACTCAGATCCGAG	21.9485921756024	7.38636650537628	V1
ATTACTCAGCTAGCCC	22.1877118394754	12.9491972676218	V1
ATTACTCGTCCTCCAT	14.3651067777574	15.8408623938129	V1
ATTATCCGTGACGCCT	-12.4439858563532	-0.733177348754331	V5
ATTCTACCACGGTGTC	-9.51734488929155	-7.06718863523281	V5
ATTGGTGCACTTGGAT	11.9691717506909	14.6668057108224	V1
CAACCTCAGCTACCTA	-0.925684088731253	-16.4502928955547	V5
CAACCTCGTTCCCGAG	3.03754167399848	-12.075103683914	V4
CAACCTCTCTTGCCGT	-11.9817161745186	-24.4355509886629	V6
CAACTAGAGACAATAC	-2.96572872527189	6.84120174372512	V4
CAAGAAACAGCCTTGG	14.0789568322375	13.455847047714	V1
CAAGATCTCGCACTCT	-7.49964121027004	20.0319455834483	Crypt
CAAGGCCCAGATCCAT	8.08372369320779	-19.4115507256995	V4
CACAAACCAGTATGCT	12.7322787424196	16.3674063494024	V1
CACAAACGTGAGGCTA	-7.07582151422415	-8.75862350710946	V5
CACACAAAGCTACCGC	-3.58802982270975	-13.3736023479662	V4
CACACCTGTTGGTTTG	20.9128132994103	-2.58298249863928	V4
CACACTCGTGCAGTAG	-7.30494957104193	19.7951738407491	Crypt
CACAGTAAGCGACGTA	-5.21425044462328	-0.835300711369286	V4
CACATAGAGTGTGGCA	9.07061917989876	28.8029263144249	Crypt
CACATAGGTCTAAACC	-11.8506839190676	-26.4539676632087	V6
CACATAGTCCTTTACA	6.01539001610745	25.6933707969331	Crypt
CACATTTGTATGGTTC	16.7849713355066	-11.0958155604052	V4
CACCACTAGAAACCTA	21.2255844848153	-9.55663666919321	V3
CACCACTAGCCTTGAT	3.16906180243497	-23.4414937524471	V5
CACCAGGTCCCTTGTG	20.0112103023599	-4.74220644365405	V2
CACCTTGCATCCGCGA	-11.2917144656327	-16.4349951297725	V6
CACTCCAGTCTTGTCC	-8.3168346855226	6.285057979965	V4
CACTCCATCGCCGTGA	5.38830265804142	26.3322451908317	Crypt
CAGATCAAGGCGATAC	12.0664838115991	-7.24380158849376	V4
CAGATCATCCTAGGGC	-9.96722668897439	-23.1954505823813	V6
CAGCAGCAGGCTAGCA	-8.07130578600023	30.3289403884534	Crypt
CAGCATAGTGCTCTTC	13.0627547005302	14.0399854699243	V1
CAGCATATCTTTACGT	15.558604603938	-1.28870796070522	V2
CAGCCGAAGTTTCCTT	-9.02101341826603	27.8638978950698	Crypt
CAGCCGACACCAGCAC	22.890823731372	-4.02523682234229	V2
CAGCCGATCTGGGCCA	4.55965723038421	-19.7275316158018	V4
CAGCGACGTAAGCACG	-21.0126416102797	-20.6095064891562	V4
CAGCTAACAAACTGTC	11.1942901616547	-10.5283564925286	V4
CAGCTGGAGGCGACAT	22.8241654118963	-6.55309468021146	V2
CAGCTGGCACATCCAA	4.73522808854404	-25.1289985068647	V3
CAGCTGGTCTAACTCT	-9.68739462227655	-21.5875784435656	V5
CAGGTGCGTCCGACGT	18.8938947279516	-10.3544142406044	V2
CAGGTGCTCAACACGT	-4.48658412417626	26.9927713881827	Crypt
CAGGTGCTCAAGAAGT	14.2721759766009	9.32360204211876	V1
CAGTAACAGTAACCCT	-13.1609560629903	-24.9144812268636	V6
CATATGGCATGCCTTC	-10.1907251342066	2.80203820502529	V4
CATATGGGTGGCCCTA	13.3425037982517	-3.41183488780776	V3
CATCGGGAGGCTCATT	3.48862111174305	23.5372982606266	Crypt
CATCGGGCAATAAGCA	-9.49637926777505	5.49179858347281	V4
CATCGGGCAATGTTGC	21.346678183643	6.01407436728422	V1
CATCGGGGTGTGGTTT	0.686590429516711	-20.7919185868295	V5
CATGACAGTAGAAGGA	17.7213208594795	5.4060266527346	V1
CATGACATCTGAAAGA	14.9264580115369	13.049642743267	V1
CATGCCTGTAATCACC	-3.50614299482365	4.17800268393032	V4
CATGCCTTCAGTTCGA	-17.6388322859478	-27.0976695177135	V6
CATGGCGAGATCCGAG	3.44447880433673	25.5536812318984	Crypt
CATGGCGGTGTGGTTT	-4.88550511445114	26.5681102587617	Crypt
CATTATCCATGCTGGC	-7.4793388151938	21.4338039218466	Crypt
CATTCGCGTAGAGTGC	-6.84239814963562	-21.2354547884164	V5
CCAATCCCAATTGCTG	-8.48465591924561	-12.310195062326	V5
CCAATCCGTTTGCATG	6.56332733720589	22.1950840624746	Crypt
CCACCTATCTCCAACC	10.3774020519419	-4.76804340827648	V4
CCACTACCATATACCG	16.5090939687285	6.41820738307	V1
CCACTACGTCTGATTG	-4.23857074566859	2.7052338198826	V4
CCAGCGAAGGGATCTG	15.0714343749699	20.4452161739563	V1
CCATGTCCAATAACGA	7.62956412633089	-6.76553212190004	V5
CCATGTCCAGTCGATT	14.5916035104793	0.871712770816025	V2
CCCAATCGTCAGGACA	10.8355875744703	-9.7622258420592	V4
CCCAGTTTCGACGGAA	16.2084148442396	8.97623521136754	V1
CCCTCCTCAACTTGAC	5.72472511030677	-7.48165945309536	V4
CCCTCCTCAATGTTGC	19.6232053899617	-13.46672720351	V2
CCCTCCTCATGGGAAC	8.90103502365545	-19.7377011380235	V5
CCCTCCTTCGTCCAGG	18.2757185809982	-4.14861242790113	V2
CCGGGATCAGTGGAGT	11.2746127332152	20.6988130488624	V1
CCGGTAGCAAGGACTG	-8.42044185341985	-19.7607612404281	V5
CCGGTAGGTATAGTAG	11.629511923389	-5.11914803063734	V2
CCGTACTTCAGGTAAA	-16.1579331519809	-23.0315603325244	V6
CCGTACTTCTATCGCC	-8.3979745134533	28.7358112556827	Crypt
CCGTTCAAGTAGCCGA	-18.2641029807888	-27.9693913952434	V6
CCTACCATCTTCGAGA	11.9246375025483	20.0469555847775	V1
CCTAGCTGTTCGGCAC	-4.92711750653959	4.63835793077814	V4
CCTATTAAGGGTCTCC	7.59208445284715	22.6807014169724	V1
CCTATTATCCAGATCA	4.59723886525787	27.4433883789594	Crypt
CCTCAGTCACTTCTGC	-15.7915252829357	-17.7326150171205	V6
CCTCAGTTCTACTATC	17.9376430856381	9.23036210465931	V1
CCTCTGACATATACCG	-11.1089528571682	-16.4199653551916	V1
CCTCTGAGTTCGCGAC	-2.98439887429403	-3.69973465720904	V5
CCTCTGAGTTTACTCT	7.40509750243684	13.2690166310996	V1
CCTTACGCAGCTGCAC	16.0204827611106	-7.17843779969323	V2
CCTTCCCGTTAAAGAC	-9.11007659529045	2.37353734406591	V3
CCTTCGAAGTCATGCT	-13.9448097191964	-21.4830831928553	V6
CCTTCGAGTCATTAGC	12.4032961332044	18.67317078834	V1
CCTTCGATCCTGCCAT	-6.8859120106843	18.8171489763597	Crypt
CCTTTCTCATGGGAAC	15.702313842831	17.4359953213911	V1
CGAACATCACGTTGGC	-13.5288619763758	-20.3170891609057	V6
CGAACATTCCTGCTTG	1.12045289287349	27.4494388388714	Crypt
CGAATGTCACGCTTTC	4.21451669973909	-9.45014994665302	V4
CGAATGTCAGGTCTCG	10.2354083664681	19.688820299755	V1
CGAATGTTCCCATTTA	6.50367188779127	31.1703519330468	Crypt
CGACTTCCAGACGTAG	10.4148467699475	-7.93701095598765	V4
CGACTTCCATGACGGA	-3.29301578636878	-19.0565363667646	V2
CGACTTCTCTATCCTA	-3.59305935930334	29.5696405800556	Crypt
CGAGAAGCAATGGAAT	3.93234992646605	20.7794136937187	Crypt
CGAGCCATCGAATGCT	-11.4958370502657	16.4176939989901	Crypt
CGATCGGAGGCCGAAT	22.4410830712525	13.001063225618	V1
CGATGGCAGACAATAC	6.58755172732561	26.7245018973494	Crypt
CGATGGCAGTCAAGGC	-14.3803141338295	1.46356939497532	V5
CGATTGAAGTTCCACA	12.1134105209674	23.5561939127208	V1
CGATTGACACCTCGGA	17.7051291417716	12.5980632167303	V1
CGCGGTAAGGCCCGTT	14.2584268861368	20.3231658370429	V1
CGCGGTAAGTCCGTAT	-2.50146298324054	3.66758947225017	V4
CGCGGTACACATGACT	-5.53225850173569	-5.74011621052464	V4
CGCGTTTCAATGGAAT	6.44811414749947	0.294313307028295	V2
CGCTATCCACATTTCT	-5.67594804936415	26.3011529462877	Crypt
CGCTGGACAGCTCGCA	-9.04770305495076	-18.496829266622	V5
CGCTGGATCGAACGGA	-9.53541333090551	26.806355619763	Crypt
CGGACGTTCGTTTAGG	12.8345705659311	14.1353045936375	V1
CGGACTGCACCACGTG	11.8901152887194	14.2870045310431	V1
CGGACTGGTGGGTCAA	18.1950558994798	-0.166631321198463	V2
CGGAGCTTCACCATAG	11.3712512132123	24.1294969070289	V1
CGGGTCAGTTCCATGA	5.46226478970755	17.1174806368049	V1
CGGTTAAAGAGTAATC	14.6720724216968	-1.48699529110611	V3
CGGTTAAAGCGAAGGG	10.2361243818766	21.7822571527417	V1
CGGTTAACACGTAAGG	15.1467721919727	13.4293326871122	V1
CGGTTAATCAGTACGT	6.32009348441666	-22.249204130372	V4
CGGTTAATCTGGCGAC	-10.0563893577385	-25.0685894270721	V6
CGTAGCGAGCTTCGCG	21.5344359527173	-10.7969279343438	V4
CGTAGCGCAACACCTA	16.6371192880342	6.66185259217612	V1
CGTAGCGGTCCCTACT	9.11358190229772	14.5394966422669	V1
CGTAGCGTCGGTGTTA	10.1249795151335	-16.5613048159884	V3
CGTCACTGTCCAGTTA	21.6172344308536	4.271891476889	V1
CGTCAGGAGAATGTTG	19.1671078681238	-9.75709593216602	V2
CGTCAGGTCCGCAAGC	-13.0999317847251	22.377415163727	Crypt
CGTCCATCATGCTAGT	20.3607900231325	10.481977141126	V2
CGTCCATGTTCACGGC	-1.21131329137872	-4.30858525596834	V4
CGTCCATTCTGGTGTA	17.1593791191099	1.79839221110612	V2
CGTTAGAAGCTACCGC	-2.86643170743336	-3.26663052854457	V4
CGTTAGATCGCTGATA	9.58538463603839	13.5254292606869	V1
CGTTAGATCGGATGTT	4.64270157102454	-23.2632189851393	V4
CGTTAGATCTTATCTG	10.7590799610898	3.05152617073554	V4
CGTTCTGAGGTGTGGT	-7.53307692076177	-10.1425938977217	V5
CGTTCTGTCCTACAGA	19.6989855285968	-7.36566169396966	V2
CGTTGGGAGCTGAACG	-13.0543700379166	15.5028957638072	V1
CGTTGGGGTTTGGCGC	16.6968793253242	-0.249736088066512	V2
CTAATGGAGCGAAGGG	7.69586451336268	-14.4563405814148	V4
CTAATGGCACCTCGGA	17.3410477675961	5.13429745729813	V2
CTAATGGCAGATGAGC	12.3859328088094	-4.3641055736208	V2
CTACACCCAAACCCAT	8.13237812894395	21.6533085108177	V1
CTACACCTCACTTCAT	-4.69836763533982	25.8451844697629	Crypt
CTACACCTCGGCGCAT	22.4530351240362	12.1727877936063	V1
CTACATTAGGCTACGA	-7.70893123153214	23.8432958652954	Crypt
CTACATTTCCCTGACT	18.4004619485487	-5.46244573528711	V2
CTACCCAGTACATCCA	9.91080708441117	16.8916582278987	V1
CTACGTCAGAGATGAG	11.973123663881	-8.98492803620385	V4
CTACGTCCAGTCGTGC	-4.61615377093016	-12.5603998165643	V5
CTAGAGTCACAGGAGT	1.93250177070839	26.8181701007431	Crypt
CTAGCCTAGGAGCGAG	6.05820791288974	26.8890010975424	Crypt
CTAGTGAAGGACAGAA	-16.8855747420733	-28.3985715865511	V6
CTAGTGACACCCTATC	13.4989614444226	13.7452831853545	V1
CTCAGAACAATTCCTT	9.32414391936102	-20.8314484932561	V4
CTCAGAATCTTGTCAT	17.9985918884235	-10.8647648811583	V4
CTCATTATCACCCGAG	9.03773606895065	-5.53493088816374	V4
CTCATTATCCCATTAT	16.2107540174494	16.7414775519112	V1
CTCGAAACATAACCTG	21.3599566722172	6.36251449797296	V1
CTCGAAAGTACTCAAC	-10.2406304969216	5.16281278603139	V5
CTCGAAAGTATGAATG	-0.0884897348910944	-22.5830914999498	V5
CTCGAAAGTGCAGACA	-10.3389298302697	0.729176897537849	V5
CTCGGGAAGCCGTCGT	20.5662574678718	-0.756150388230516	V2
CTCGGGAAGGACTGGT	-2.73855407729823	-4.65062105854041	V5
CTCGTACTCACCACCT	13.4213126937608	13.9093319477659	V1
CTCGTCAAGACGCAAC	-7.61572849298071	22.6033639906526	Crypt
CTCGTCAAGGGTGTGT	-14.3523481812927	-22.0600885191531	V6
CTCGTCAAGTCTCGGC	21.1338876433407	16.23051613542	V1
CTCGTCACAGTCAGCC	8.9406646597841	-14.8859596774275	V4
CTCTAATGTAAGGGAA	10.8406404584764	20.3985058589138	V1
CTCTAATTCCAAACTG	13.1643255149543	19.7761605772316	V1
CTCTAATTCGGGAGTA	-9.58691635891241	24.8577593445756	Crypt
CTCTACGCACGGCCAT	-7.05337401847107	21.9514051813511	Crypt
CTCTACGGTTAAGACA	-9.54160027476988	3.28923422309595	V3
CTCTGGTGTTACGGAG	-5.54987932027834	27.8833103730046	Crypt
CTCTGGTTCGTAGATC	-11.4665305420989	16.1880884084065	Crypt
CTGAAGTCATAGTAAG	-7.19249427636612	-19.9080991951855	V6
CTGAAGTCATCACGAT	15.0124743604846	-1.24162960850785	V1
CTGAAGTCATCCGTGG	-8.33962294443607	23.9396853495771	Crypt
CTGATAGAGTATTGGA	-3.81724347947748	-13.1990819839576	V4
CTGCCTACAAGTACCT	-5.82958386117172	-15.9458247088048	V5
CTGCCTAGTTCCACTC	22.0887874038197	-1.25812756589765	V1
CTGCGGAAGTGAAGTT	7.38476382903898	24.0062991730368	Crypt
CTGCGGAAGTTAGGTA	-8.54580654881977	30.1609721067536	Crypt
CTGCTGTTCAAGGCTT	6.41104993682436	26.048115276035	Crypt
CTGCTGTTCCAAATGC	6.67946494720709	-13.610926874785	V5
CTTACCGAGGTCATCT	-12.2630556303531	1.28177989417267	V5
CTTACCGGTCCAACTA	-11.143849542374	-1.62366927797947	V5
CTTACCGGTTACGGAG	15.1592779661182	-1.38883869581506	V3
CTTAGGACAAACGCGA	15.634156044331	-10.345245484436	V2
CTTAGGACAACACCCG	7.28015373744927	-14.6767752573204	V5
CTTAGGAGTTAAGTAG	7.22509225582102	15.948904485148	V1
CTTCTCTCACGACTCG	-2.3214154637312	0.500136483092763	V4
CTTCTCTCATGGTAGG	-11.6201740922756	-21.8198604656196	V5
CTTCTCTGTCCGTTAA	12.280209456822	-2.04108506882584	V2
CTTCTCTTCTCTAGGA	6.03401377274038	31.1463599884617	Crypt
CTTGGCTAGGAACTGC	13.59851708347	19.4438053800435	V1
CTTTGCGAGCGATGAC	-9.72011976995593	6.63685926196709	V2
CTTTGCGGTGCAGGTA	5.68636585462849	-22.0497735177126	V4
GAAACTCAGCCTCGTG	-15.5251855895337	-27.3285118427273	V6
GAAACTCTCTTTAGTC	-0.801178009155408	-2.37054542680412	V4
GAACATCAGGCGCTCT	-3.12983542045808	7.49714000520548	V1
GAACATCGTCACACGC	14.3650026300876	21.2816709665109	V1
GAACATCGTGCCTGTG	-7.3267926097794	-7.63048951663317	V5
GAACCTACATGCTGGC	-6.564303614531	-3.22139354335965	V4
GAAGCAGAGGCAGTCA	-2.94691488147094	1.23793911847902	V4
GAAGCAGAGGCCGAAT	18.6310918749776	-13.4443044596539	V3
GAAGCAGGTACCGTAT	-5.02469816874091	19.7874995688186	Crypt
GAAGCAGTCATCGGAT	10.8475228289982	-0.858387655797174	V4
GAATGAAAGATCCGAG	-5.15722016151382	27.8875017682158	Crypt
GAATGAACAGACAAAT	3.20232755792624	-18.051583941133	V4
GAATGAAGTCACCCAG	10.7734815831177	-7.41799517109068	V3
GACAGAGCAAGTACCT	-5.05252801622398	-2.13284741163327	V5
GACAGAGCATACGCCG	-3.86756521927433	-9.09439109527823	V5
GACCAATAGTCAATAG	-5.59286297645039	-3.16194906688185	V5
GACCAATGTTACGGAG	-2.89182034276126	-8.19569857392414	V4
GACCAATTCGGAGCAA	1.92816553767199	26.3011778727947	Crypt
GACCTGGCATCGATGT	-11.2814907248468	-15.60031805518	V5
GACCTGGGTTGGTTTG	-11.8885209048383	1.20357874296883	V5
GACGCGTCAGGACCCT	16.5802151034097	-11.1315039203049	V4
GACGCGTCATTCTCAT	-7.15684391300144	-8.60626114727723	V6
GACGCGTGTGTTGAGG	4.87215524042765	-10.2240785688694	V4
GACGCGTTCCATTCTA	17.3850295666951	-7.04298829608228	V3
GACGTGCGTTCAGTAC	8.09303252450275	20.5531798872862	V1
GACGTTAGTATTCGTG	17.3609404106576	-12.4711663983813	V3
GACTAACAGCCGATTT	-8.16931828454567	-19.1019707734819	V5
GACTAACAGGGTCGAT	12.3601230490658	20.858920862636	V1
GACTAACCAACACCCG	3.95485309197609	-14.0925325643999	V5
GACTAACCAGGGCATA	-13.831060312269	-26.1582444825704	V6
GACTAACCATCACCCT	11.6875153305232	-2.03379223411449	V4
GACTAACGTCACACGC	-4.29226865842969	19.056784099638	Crypt
GACTAACTCAAGGCTT	-1.98587381670855	5.12677473508109	V3
GACTGCGAGAGACTAT	-7.17311661552864	4.09334574337803	V4
GACTGCGTCCCAACGG	-4.02604027792644	26.4845813372966	Crypt
GAGCAGAAGTGCAAGC	16.6821475219291	14.9448379526844	V1
GATCAGTCAGCGATCC	-15.0294649189117	-22.4677235989017	V6
GATCGATTCCTGTACC	-9.07712022515955	24.7229945686262	Crypt
GATCGCGCAATAGCGG	-13.4226517056009	-23.585027533988	V5
GATCGCGCACGGTGTC	13.4895368610178	9.06346755795365	V1
GATCGCGCAGAGCCAA	5.77179784680373	31.1428739442023	Crypt
GATCGCGGTGACAAAT	4.82048960057776	24.3858573586303	Crypt
GATCGTAGTCAAAGAT	-5.29306634372283	-15.030565395787	V5
GATCTAGGTCGCGAAA	-8.72168176848035	-24.2297149780061	V5
GATGAAACAATGGTCT	-4.17021524082447	2.04130088209913	V4
GATGAAACACGCTTTC	-13.5308997795572	-26.3565573612762	V5
GATGAAAGTCGATTGT	9.32928189697669	-14.480216962272	V4
GATGAGGCATGGGAAC	17.4455404852804	8.13318207714766	V1
GATTCAGAGTTACCCA	-16.9463325961352	-16.7400171804379	V6
GATTCAGGTATATCCG	7.06729917452243	26.6942852652159	Crypt
GATTCAGGTGTGCCTG	6.46860222160947	26.8192586308576	Crypt
GCAAACTCAAGCGTAG	10.358510686366	-16.3212638341966	V4
GCAAACTTCTGCAGTA	14.1984579787258	7.18104056388678	V1
GCAGCCACAGAGCCAA	-19.4402818567719	-21.9997326568042	V4
GCAGTTATCCCAAGAT	8.8372595180853	21.2590767654913	V1
GCAGTTATCGTTTGCC	9.47883569139174	20.8206071184637	V1
GCAGTTATCTTGCATT	-13.8154925777923	-25.1495037444205	V6
GCATACAGTTCGTTGA	24.5235487170668	-3.71213406830389	V2
GCATACATCACAAACC	8.05981894461612	-22.2205158321516	V4
GCATGCGCAATGGTCT	16.6223026330433	13.1512487473599	V1
GCATGTAAGGGTTCCC	12.2005703606416	20.4553937830606	V1
GCATGTATCTCATTCA	-9.19245655118689	25.3000973557289	Crypt
GCCAAATTCGCTGATA	19.874893696409	-7.85052640580316	V4
GCGACCAAGGCTACGA	-14.0625291455695	1.2321765276302	V5
GCGAGAATCAGCCTAA	-9.21706115216308	27.5387589124014	Crypt
GCGCCAAAGTCCGTAT	1.7001081093391	26.8899893141203	Crypt
GCGCGATGTTATCGGT	-8.96843918400776	28.2749473367044	Crypt
GCGCGATTCTTGCATT	15.2390533676899	5.45959966175799	V1
GCTGCAGCATTTGCTT	-7.47950734223444	21.7318709872763	Crypt
GCTGCAGGTTACCAGT	-0.373500775215094	-16.811623123504	V4
GCTGCGAAGTAGATGT	-7.95547438963541	22.5861107754448	Crypt
GCTGCGACATATGAGA	-17.0362217321935	-23.3312782130433	V5
GCTGCTTTCTAAGCCA	-8.3423393579449	-8.21239547959371	V5
GCTTGAATCGTGGGAA	-7.29572170722608	20.4288127091088	Crypt
GGAAAGCGTCGCCATG	17.3700671317847	6.40375608718656	V1
GGAAAGCTCTGCTTGC	23.2601837291074	11.7236610880173	V1
GGAACTTCAGTAACGG	-11.1767595177141	-0.278890062285372	V4
GGAATAACAACGATGG	-3.01526035137569	3.81771732740792	V4
GGAATAACAGCTTAAC	4.09448201458195	-16.1201020071817	V4
GGAATAACATTAACCG	14.5939546904675	-4.62470394326559	V4
GGACAAGGTAGCGTGA	24.5875862712975	11.684608090555	V1
GGACATTTCTTGCCGT	-7.9363020631941	20.5435872105711	Crypt
GGACGTCCATATGGTC	-7.88313751168772	-14.5892399672944	V5
GGAGCAATCTCCGGTT	-6.79914047169026	23.3540872775978	Crypt
GGATGTTTCATAAAGG	6.74122930618237	25.8721699820229	Crypt
GGATTACCAGTTTACG	17.2530534797683	3.31553158269995	V1
GGCGTGTCAATAGCGG	23.5858687232133	12.249087798449	V1
GGCTCGAAGCACCGCT	-18.1652482363366	-27.2650419396727	V6
GGCTCGATCAACGGCC	16.7855209603146	-11.3256146422169	V3
GGGAATGAGCCGGTAA	2.96328731511034	-23.6838635007655	V5
GGGAATGTCATGCTCC	20.9802819496059	-14.4628284313759	V2
GGGACCTAGTAATCCC	0.437986595056217	-21.9056234743019	V5
GGGAGATAGGTGGGTT	16.4391827829474	-1.78045782418013	V2
GGGATGACATGCCCGA	6.83130881870991	19.4286114354444	V1
GGGATGAGTAAAGGAG	-4.75202320225376	-4.25097048833542	V5
GGGCACTAGGGTTTCT	20.8478853802048	4.81792009773102	V1
GGGCACTGTTAGATGA	3.43446158969232	-18.2675174842626	V5
GGGCATCCACCACGTG	10.7748014066319	24.3643445647273	V1
GGGTCTGAGTAGCGGT	5.06828698137948	-18.7281110656631	V4
GGTATTGTCCGCATAA	8.53331408597907	29.238944941695	Crypt
GGTGAAGAGACTACAA	22.5110863161745	-6.51571878676048	V2
GGTGAAGAGATGTGGC	-2.56473224846293	4.45849022709052	V4
GGTGAAGGTTCAACCA	6.55082965643148	31.2038217233558	Crypt
GGTGCGTGTAAAGGAG	13.829560179556	20.9788585670561	V1
GGTGTTACATGAAGTA	-13.039519098187	15.353396663483	V1
GGTGTTAGTTAGAACA	23.9974180759927	-7.26767974500588	V2
GTAACGTCATGACGGA	15.1912131462567	3.44789357841224	V2
GTACGTAGTCTGCCAG	14.8233672257539	12.1854517447828	V1
GTACGTATCACTGGGC	-8.58945878850493	-19.3014421020381	V5
GTACTCCGTGACGCCT	-5.85704217608854	-3.41041864296168	V4
GTACTTTTCTGGAGCC	14.6348832601522	-8.97779843192989	V2
GTAGGCCGTTGTGGAG	21.0705043637917	16.5427198744524	V1
GTAGTCAAGATATGCA	4.83792392514817	-18.2589366288	V4
GTAGTCACACACATGT	-15.5968840678429	-26.186103181115	V6
GTATTCTCAATGGAGC	6.61754474960581	28.1273810907791	Crypt
GTATTCTGTCTTTCAT	-8.36640956462584	22.2060327289499	Crypt
GTCAAGTCAATAGAGT	-11.9658194291911	1.69572242140233	V5
GTCACAAAGTCCATAC	18.3944413978912	-4.63560494330893	V2
GTCACAACACCTCGGA	-7.58936315131512	-25.3206832384293	V5
GTCACAAGTAGCGTCC	14.7107076925738	16.1806669263017	V1
GTCACGGAGCGTGAGT	6.28701513736008	-17.2594388771466	V4
GTCGGGTTCACCGGGT	7.62800729509446	-15.6694757448607	V4
GTCGTAACAAGCGCTC	-16.573695006757	-20.0521029671112	V6
GTCGTAATCCAGTAGT	13.5579595056397	21.6032874287778	V1
GTCTCGTGTCTGATTG	-8.45140393152156	3.48913884560826	V4
GTCTTCGCATCGTCGG	2.54615851251946	-5.28025431222181	V4
GTCTTCGTCCCTGACT	15.5587568353916	-19.1617447323382	V1
GTGAAGGAGGGAAACA	-3.04176008748992	6.44674742286928	V1
GTGCAGCAGTGCGTGA	-9.31178840425166	29.8085237687674	Crypt
GTGCAGCAGTTGAGAT	-9.05137850018671	29.1810512710414	Crypt
GTGCAGCCAGCTGGCT	16.9529082982827	16.2131487829483	V1
GTGCATAGTCCGTCAG	-9.83948722620644	-0.550762761021387	V5
GTGCTTCAGCTCCTTC	23.9380097209	-7.65662155287466	V3
GTGGGTCGTAGCTAAA	8.55785234155472	24.7001110116007	V1
GTGTGCGAGGTCATCT	-8.30558466150775	23.7555967224028	Crypt
GTGTTAGCAAAGGCGT	-3.55989360219982	1.60635509994488	V2
GTTAAGCCAATTGCTG	3.47821315245094	27.1449056720222	Crypt
GTTAAGCGTCGAATCT	22.2451441815543	-6.38760258682271	V2
GTTCGGGTCACCTTAT	20.3964978657053	10.3435274681818	V1
TAAGCGTAGTAGGTGC	16.5094397440774	16.9356452920467	V1
TACACGACACTGCCAG	8.98833450464054	21.4594429041249	V1
TACAGTGGTACGCTGC	14.814670712372	-4.53415216034946	V3
TACCTTACAGCTGCAC	3.71431989653105	-23.2176812749577	V5
TACCTTATCAGATAAG	-9.30631312533217	26.3446616967961	Crypt
TACGGATCAAGCGAGT	14.7156282338565	0.159925492245476	V2
TACGGATCATCTACGA	16.2471969940664	14.2218183671091	V1
TACGGATGTGAAATCA	12.4091084300984	-8.9644621319633	V4
TACGGGCAGGACAGAA	-7.78484421670314	27.8798597976434	Crypt
TACGGGCAGGGTTCCC	9.55168503340376	-13.3254964930341	V2
TACGGTAAGCAGACTG	22.3889961002522	11.4484259693098	V1
TACTCATAGCGAGAAA	13.4513176284747	21.1629692114521	V1
TACTCATGTAGTACCT	8.175684729386	-11.3048357873064	V4
TACTCGCAGTTACCCA	-8.44137350331919	4.33787419929479	V5
TACTCGCCACGGCCAT	-9.33434009617845	5.41131309819866	V4
TACTCGCTCTTCTGGC	22.5330233790009	7.40911832648378	V1
TACTTACAGACAGGCT	-11.5081900231682	-15.1336030992643	V5
TACTTGTTCTGCGGCA	7.97197243531245	-21.7377015248196	V4
TAGAGCTTCCGTAGTA	-6.46187414463578	-4.06124175674527	V4
TAGCCGGAGCGATGAC	3.96433063888232	-23.3040412715678	V4
TAGCCGGTCAGCACAT	-5.96918577928197	-20.7826651643408	V5
TAGCCGGTCATTGCGA	17.4058839635548	1.06490622076347	V2
TAGCCGGTCGCGTTTC	-2.92649894749048	1.16009795352254	V4
TAGGCATAGACTGGGT	22.4995368793955	7.43511573042551	V1
TAGTGGTCATGTCGAT	3.6223616658559	-23.5940342460657	V4
TAGTGGTGTCAACTGT	-13.0509182516573	-24.151849795168	V6
TAGTGGTTCTGGAGCC	13.9956665977115	16.7471739859503	V1
TAGTTGGAGAAGCCCA	5.28145259307384	-13.2770247497173	V5
TAGTTGGCAGGTCGTC	10.2994146062936	-4.36047933255999	V4
TAGTTGGTCCCTCAGT	-10.8774592787	-22.9293103250945	V6
TATCAGGCATTAGGCT	-8.04748404659559	30.0328139877231	Crypt
TCAATCTCACCAGCAC	-16.0423971293882	-15.5537854616486	V6
TCAATCTCAGTGGAGT	-0.490484969289192	-21.8421604740327	V5
TCACAAGAGTATGACA	-4.25291744121537	-2.92679116370284	V4
TCACAAGCAACGCACC	23.7579839837183	11.5142916684354	V1
TCACAAGCAAGCCGCT	19.9429407191624	-5.74367311682526	V1
TCACAAGCACGGTAAG	22.6214288986769	-7.51375064288847	V4
TCACAAGTCAGCTTAG	3.74904314858157	-16.9285992122427	V4
TCACGAAGTAAGCACG	22.3730629243281	0.949490237864044	V1
TCACGAAGTTTGCATG	-8.71955893073181	20.4265077810114	Crypt
TCAGATGCACCTCGGA	16.6389976719116	-0.0657125276584238	V2
TCAGATGCATCGACGC	12.3892873146234	2.49403087194301	V3
TCAGATGTCATCACCC	9.61082627524722	12.8967055037502	V1
TCAGCTCTCATAAAGG	-14.0918987817352	-0.066807172768949	V5
TCAGCTCTCATTCACT	-3.66337500360286	-3.60613112710252	V5
TCATTACTCCGTTGTC	-17.5064913586887	-25.0633113730969	V6
TCCCGATCATGTTCCC	10.1697422347857	2.71219393079887	V4
TCGAGGCAGTTGTCGT	14.6831459862042	-10.6323327757082	V3
TCGAGGCCATCTACGA	10.2154311486304	-15.8590918273031	V4
TCGAGGCTCCGTAGGC	-15.0896733506202	-16.6725990996897	V6
TCGAGGCTCTGATTCT	-13.5833847458367	-1.38466009675833	V5
TCGCGAGAGAGGTTAT	22.4968049592853	-10.1992998585185	V2
TCGCGAGGTATATGAG	21.3961633357084	15.8285429687818	V1
TCGCGAGTCGGAATCT	4.33829052754469	19.6966857795408	V1
TCGCGAGTCTTTCCTC	10.0093548423521	17.0358836551883	V1
TCGCGTTGTTGAGTTC	24.4138961290402	-8.7551568546076	V2
TCGGTAATCCGTAGGC	18.0877797921892	12.3497098614377	V1
TCGTACCTCGCGTTTC	-8.19511506194304	-23.4511781010712	V6
TCGTAGAAGTTACGGG	7.62889409193911	-15.0454924596766	V4
TCTATTGTCCTGCCAT	-9.57181136607329	-11.6947731619729	V5
TCTCATAGTTCCGGCA	-11.9596230618511	3.84385255766835	V5
TCTCTAACACATTCGA	22.3646788901572	-14.6147239622609	V2
TCTGAGACATATGGTC	7.95793522935142	22.5757630645988	V1
TCTGGAAGTACCGTTA	5.72864019522869	-7.35898681673623	V4
TCTTCGGAGAGACTTA	-11.4184430958088	16.5656241057325	Crypt
TCTTCGGCACCGTTGG	-9.21539132028394	19.6146879158287	Crypt
TCTTCGGGTTCCACAA	8.41162346787745	30.0239208067571	Crypt
TCTTCGGGTTTGCATG	2.63636079385637	24.2683532945279	Crypt
TCTTTCCAGAAGGTGA	-4.20236969756147	27.1699007761436	Crypt
TCTTTCCGTTCCGGCA	21.5217932904843	1.62697963750777	V2
TCTTTCCTCGCTTGTC	-11.4637036470594	0.689518086713346	V5
TGAAAGAAGTACACCT	-11.5532471384717	17.5536280922348	Crypt
TGAAAGATCTAACTCT	3.17726500290994	25.9088924617557	Crypt
TGACAACCAGATCTGT	16.8069829141293	3.32400260565621	V3
TGACGGCGTAACGCGA	4.98056100167656	26.9834275956572	Crypt
TGACTAGAGTAGGTGC	-11.1602731152667	-22.2455064642189	V6
TGACTAGTCGTTTATC	16.0734237225174	17.4869427617552	V1
TGACTTTAGTAGCCGA	-12.4277783640832	-23.0236560370579	V6
TGACTTTAGTTACGGG	-9.10948222224618	26.9747244073771	Crypt
TGACTTTCAGTCAGAG	10.1838164922135	-4.08408342261386	V4
TGAGAGGAGCTGTCTA	4.05005915295288	-13.4606399147077	V4
TGAGCATAGCGATTCT	22.8652408889425	-11.0870272294495	V1
TGAGCATCACGCTTTC	0.644434426820025	26.0616207638916	Crypt
TGAGCCGGTGTGCCTG	-13.3063615650687	20.5399334343532	Crypt
TGAGCCGTCTGACCTC	7.0009136248815	-2.9138612659098	V1
TGAGGGAGTCACCCAG	7.04917671796289	-17.2176959714454	V4
TGAGGGATCTTTAGTC	-2.75525613006616	-3.83521425452523	V5
TGCACCTAGTACTTGC	-14.302239890511	-16.2732957891554	V6
TGCCAAAAGGCGACAT	-10.9049838681766	-13.2966034707119	V5
TGCCAAACACATCTTT	19.9014426003805	-4.69633459059262	V2
TGCCAAAGTACCGCTG	13.2168830217019	-13.9531510248091	V3
TGCCCATGTGTGACGA	2.25414012811073	-15.9102766451863	V4
TGCCCATGTTCGAATC	8.89742731756282	-6.34602388925913	V4
TGCGCAGTCACTCTTA	-9.88388259927959	20.4656150092125	Crypt
TGCGCAGTCGAATGGG	-13.9042779140287	-25.7272893832046	V6
TGCGCAGTCTGGCGAC	17.0195160864819	-15.0611382305797	V4
TGCGGGTTCCATGAAC	21.6612738909837	12.8602213548991	V1
TGCTACCCACGAGGTA	-3.09800669884142	0.448997938327308	V4
TGCTACCGTCCATGAT	4.00939778189651	-19.8844035855364	V4
TGCTGCTGTCGCGAAA	22.6361790202902	-11.1336414564257	V2
TGGACGCCACAGGAGT	-5.38447711967824	-1.48470888981855	V5
TGGACGCCAGACGCTC	-11.2234193030641	17.6061196457368	Crypt
TGGACGCGTAGCCTAT	-16.970616683626	-19.5672177311279	V6
TGGACGCGTCCCTACT	-4.66697224277819	18.9867480290062	Crypt
TGGCCAGAGGCGATAC	9.03853797533463	-9.86926448505218	V4
TGGCCAGAGTTCGATC	16.4471419483686	-10.3201397495198	V2
TGGCCAGCACATTAGC	12.2025893680809	19.6271731535562	V1
TGGCTGGAGTCTCAAC	0.850866081226951	27.7611071266096	Crypt
TGGCTGGTCATGTCCC	7.73011695677008	28.4607763496104	Crypt
TGGGAAGCATCGATTG	21.7504249627849	-10.9411297815415	V2
TGGGCGTAGGTGCTAG	4.14317343155623	20.6169070887288	Crypt
TGGGCGTCATAGGATA	7.5401958746217	-9.20586349350108	V4
TGGGCGTTCAGAGCTT	-9.64005404994199	4.80267496249003	V4
TGGTTAGGTTCTCATT	21.8845119952309	-3.45332653285212	V2
TGGTTAGTCTGCTGTC	0.569816292316436	-6.29167533970663	V4
TGTATTCTCGTATCAG	17.7541674396155	7.5712000157487	V1
TGTCCCAAGTACGACG	-1.36217856068081	-22.1923812918391	V5
TGTCCCACATTCTTAC	-2.4696839677297	-5.30491205661513	V4
TGTGTTTCAAGAAAGG	8.52500995727542	-13.0678503743628	V3
TGTGTTTCACCTCGGA	-8.9271446810172	-5.56597524258844	V4
TGTGTTTGTGCAGACA	11.5125119884359	-9.28664956047085	V4
TGTTCCGTCTTGTTTG	-15.7913423932721	-15.8826485185037	V6
TTAACTCCATAAAGGT	-5.23255548696586	24.7440362065774	Crypt
TTAGTTCCATCATCCC	-9.48105628332416	-23.2532047783125	V5
TTAGTTCGTCCCGACA	-7.34919027556239	21.711504408971	Crypt
TTCGAAGAGTTGTCGT	-8.57631179671624	-11.2746743884299	V5
TTCGAAGTCTGCGGCA	-1.33844776689043	-1.87006929633258	V4
TTCGGTCCACGCCAGT	11.3065410305923	16.1139201934183	V1
TTCGGTCTCAGCCTAA	-11.266670967273	-13.9988856865918	V6
TTCGGTCTCCGTCATC	-11.7180088587737	0.645562341392313	V5
TTCTCCTCAGATCCAT	-15.7623174237811	-20.9948195545394	V6
TTCTCCTTCGGCTTGG	-7.61574357951063	27.2758243324414	Crypt
TTGAACGCAATACGCT	-6.91687700926212	-22.1704817245002	V5
TTGACTTAGTCATCCA	10.8352935545968	20.5580334364432	V1
TTGACTTAGTCGTTTG	-3.37151378150347	-5.5369745577477	V5
TTGACTTCATTTGCTT	-5.45598538600547	-21.6736631628595	V4
TTGCCGTCAGAAGCAC	2.05616182756052	-13.6187850061208	V4
TTGCGTCCACACATGT	16.3797058554653	11.2507580125564	V1
TTGCGTCGTAGGAGTC	23.7791803182315	0.0349772116559726	V1
TTGGAACCATAGACTC	10.7516124580736	-3.77715915630646	V4
TTGGAACGTCTCAACA	25.051446064634	-3.89791555777967	V2
TTGGCAACATCGATTG	13.9556413464165	-12.846213704662	V4
TTGTAGGGTAAGGGCT	19.0423594122639	-4.78575560861922	V2
TTTACTGAGCTGAACG	18.5880824080473	0.397488595926649	V2
TTTACTGAGTCTCAAC	1.87952879828803	27.4394427627055	Crypt
TTTACTGCAGTCGTGC	-3.55278040720152	-5.55217911144777	V4
TTTATGCGTTGAGGTG	16.7217706682512	9.02793922915713	V1
TTTCCTCTCCCGACTT	-8.64862786947045	-14.0391060251558	V5
TTTGCGCTCAAGATCC	-7.61973430808529	-23.5494097205401	V5
TTTGGTTCAAAGCAAT	-5.69251411419654	-1.39968688692201	V4
TTTGGTTTCAAAGTAG	15.0384209163874	20.158056745893	V1
